exercise_id,exercise_name,roles,file,relative_path,width,height,mode,status,reason,score,source_sha256
hip,Most,START/END,glute_bridge_start.png,Pilates Assets/02_Exercise_Cards/Glute Bridge/glute_bridge_start.png,1536,1024,RGB,STRONG COLOR FIX,wall too blue/cold; floor too cold,1.6919,48e96b5fa944b1b721cbc1be47c8903b7df78f92891e3f232d940b5e9ff602fd
hip,Most,HERO,glute_bridge_hero.png,Pilates Assets/02_Exercise_Cards/Glute Bridge/glute_bridge_hero.png,1536,1024,RGB,STRONG COLOR FIX,wall too blue/cold; floor too cold,1.6666,a5ce2eb2bd25dfdb230bbe12d632ee96752c5a74886016bd53c08e1c72ba1f2c
inner_thigh,Zdvihy spodní nohy,START/END,inner_thigh_lift_start.png,Pilates Assets/02_Exercise_Cards/Inner Thigh Lift/inner_thigh_lift_start.png,1536,1024,RGB,STRONG COLOR FIX,wall too blue/cold; floor too cold,1.6554,77b4d779d586c6886b1f6f84be7991c0b494626c408f8da4c04f5e0e2906ed27
inner_thigh,Zdvihy spodní nohy,HERO,inner_thigh_lift_hero.png,Pilates Assets/02_Exercise_Cards/Inner Thigh Lift/inner_thigh_lift_hero.png,1535,1024,RGB,STRONG COLOR FIX,wall too blue/cold; floor too cold,1.6318,c94cf0b5aab5832b6e23daf6893a9092de99a2af0f14a68e2ff3eafcf45dea45
clam,Clamshell,START/END,clamshell_start.png,Pilates Assets/02_Exercise_Cards/Clamshell/clamshell_start.png,1536,1024,RGB,STRONG COLOR FIX,wall too blue/cold; floor too cold,1.4822,bf8e7c9ab7481557b2212ac3579a0d7aa833dfa3da2fa1cf40bbb778a73fdd39
hydrant,Fire Hydrant,HERO,fire_hydrant_hero.png,Pilates Assets/02_Exercise_Cards/Fire Hydrant/fire_hydrant_hero.png,1536,1024,RGB,STRONG COLOR FIX,wall too blue/cold; floor too cold,1.3608,9c07dc7d308118049dc7f9587141df607719272a7372991c00510c5116f6e0f7
rdl,Rumunský mrtvý tah,HERO,romanian_deadlift_hero.png,Pilates Assets/02_Exercise_Cards/Romanian Deadlift/romanian_deadlift_hero.png,1536,1024,RGB,STRONG COLOR FIX,floor too cold,1.3204,0d275f39fbff3c996f5781b91f184ff196f6ed79de072217c1a7a7ee6a055f1f
clam,Clamshell,HERO,clamshell_hero.png,Pilates Assets/02_Exercise_Cards/Clamshell/clamshell_hero.png,1536,1024,RGB,STRONG COLOR FIX,wall too blue/cold; floor too cold,1.3138,ac09cb19016b0a3d01e2c3e64ab90ab9388a317fd4cdd18dab75937dd314459a
row,Bent Over Row,HERO,bent_over_row_hero.png,Pilates Assets/02_Exercise_Cards/Bent Over Row/bent_over_row_hero.png,1536,1024,RGB,STRONG COLOR FIX,wall too blue/cold; floor too cold,1.3071,1e8e825d5aeef4ebd4ff490a9935739e572302c079a313849d8d675572cfe39c
rdl,Rumunský mrtvý tah,START/END,romanian_deadlift_start.png,Pilates Assets/02_Exercise_Cards/Romanian Deadlift/romanian_deadlift_start.png,1536,1024,RGB,STRONG COLOR FIX,floor too cold,1.2798,a71abe8579ebb4504098de4e7d0bf5046e73ef7ced37988b03d438e18ff9b5e8
row,Bent Over Row,START/END,bent_over_row_start.png,Pilates Assets/02_Exercise_Cards/Bent Over Row/bent_over_row_start.png,1536,1024,RGB,STRONG COLOR FIX,wall too blue/cold; floor too cold,1.2743,cccf25786473cefab11fed89a5cbd579596b405edf522cf1db7c1cd2390936a6
standing_oblique,Boční zkracovačky ve stoji,START,standing_oblique_crunch_start.png,Pilates Assets/02_Exercise_Cards/Standing Oblique Crunch/standing_oblique_crunch_start.png,1536,1024,RGB,STRONG COLOR FIX,wall too blue/cold; floor too cold,1.2519,8dd03f9f937a76b379fb429a7fa514b2f13da1824a3a4ae1d0b24228cd6f674a
sideleg,Unožování vleže na boku,HERO,side_leg_lift_hero.png,Pilates Assets/02_Exercise_Cards/Side Leg Lift/side_leg_lift_hero.png,1536,1024,RGB,STRONG COLOR FIX,wall too blue/cold; floor too cold,1.2462,f51c761db9b7e8cf1c87cf8baaa897d460e4e0b3ac2980fe7c9aaf128b61aa90
thread,Protažení s rotací v kleku,START/END,thread_the_needle_start.png,Pilates Assets/02_Exercise_Cards/Thread the Needle/thread_the_needle_start.png,1536,1024,RGB,STRONG COLOR FIX,floor too cold,1.1238,f790996cc66bd3e78f7705a9d9aef70180f5c61f1765c41f84139522509cbb04
standing_oblique,Boční zkracovačky ve stoji,HERO,standing_oblique_crunch_hero.png,Pilates Assets/02_Exercise_Cards/Standing Oblique Crunch/standing_oblique_crunch_hero.png,1536,1024,RGB,STRONG COLOR FIX,wall too blue/cold,1.0795,4fdca51e97a68cfb287bee75c1a8398e259ebdcc74778134911db3a147b967df
hydrant,Fire Hydrant,START/END,fire_hydrant_start.png,Pilates Assets/02_Exercise_Cards/Fire Hydrant/fire_hydrant_start.png,1536,1024,RGB,STRONG COLOR FIX,wall too blue/cold; floor too cold,1.0648,7feb5c34886bb9cf5ccf8eb5e77bee1b01ccbf2d7e68d080260e147042271136
sideleg,Unožování vleže na boku,START/END,side_leg_start.png,Pilates Assets/02_Exercise_Cards/Side Leg Lift/side_leg_start.png,1536,1024,RGB,STRONG COLOR FIX,wall too blue/cold; floor too cold,1.0205,77862d69f6b90163394d43f47c7f164d25de6393457b17af13d58a5ccec4fe5b
standing_side_bend,Úklony do stran ve stoje,END,standing_side_bend_end.png,Pilates Assets/02_Exercise_Cards/Standing Side Bend/standing_side_bend_end.png,1536,1024,RGB,MINOR COLOR FIX,wall too blue/cold; floor too cold,0.9976,2bbb677da56ffd21e45defe92a4fbdd9db1c0bb2cbd52137be99f69c416a2264
standing_side_bend,Úklony do stran ve stoje,HERO,standing_side_bend_hero.png,Pilates Assets/02_Exercise_Cards/Standing Side Bend/standing_side_bend_hero.png,1536,1024,RGB,MINOR COLOR FIX,wall too blue/cold; floor too cold,0.9937,64ab7551f537a239827ebf502e60e6dacb75eccc6ad5ccf5a14d3c084f714f49
standing_side_bend,Úklony do stran ve stoje,START,standing_side_bend_start.png,Pilates Assets/02_Exercise_Cards/Standing Side Bend/standing_side_bend_start.png,1536,1024,RGB,MINOR COLOR FIX,wall too blue/cold; floor too cold,0.9781,c11ac4c7b5314973bbd2c8bc79dfb3949bdb4387706f571e650c3c62f9f80444
rainbow,Rainbow Leg Raise,HERO,rainbow_leg_raise_hero.png,Pilates Assets/02_Exercise_Cards/Rainbow Leg Raise/rainbow_leg_raise_hero.png,1536,1024,RGB,MINOR COLOR FIX,wall too blue/cold; floor too cold,0.9596,8eb0298d62f9ebcc9b76ea428b9608882fa4dd28e5b5c1a6609eedd42e5b82c3
rollup,Rolování do sedu,START/END,roll_up_start.png,Pilates Assets/02_Exercise_Cards/Roll Up/roll_up_start.png,1536,1024,RGB,MINOR COLOR FIX,wall too blue/cold,0.9521,ecaf9158a51511e6e137c83a91e43f9279ff9bb1c75f3f14289028cb2ab82d8a
thread,Protažení s rotací v kleku,HERO,thread_the_needle_hero.png,Pilates Assets/02_Exercise_Cards/Thread the Needle/thread_the_needle_hero.png,1536,1024,RGB,MINOR COLOR FIX,floor too cold,0.9482,e08939fd5cbeb2153d2b8e98b22c7bd985eab3fc4a708b28be2ad79893692ac6
sidekick,Side Kick,END,side_kick_end.png,Pilates Assets/02_Exercise_Cards/Side Kick/side_kick_end.png,1536,1024,RGB,MINOR COLOR FIX,wall too blue/cold,0.8915,8b67db28dc3ce683e9d29116e12d5f2b067aa975d36f848d10a64f00a6489237
press,Tlaky s činkami nad hlavu,START/END,shoulder_press_start.png,Pilates Assets/02_Exercise_Cards/Shoulder Press/shoulder_press_start.png,1536,1024,RGB,MINOR COLOR FIX,wall too blue/cold; floor too cold,0.8750,67b23cf015eba77126720237ced0e2cf81271c41fd23b2bb28c7ca5a8e218ec0
triceps_kickback,Triceps Kickback,HERO,triceps_kickback_hero.png,Pilates Assets/02_Exercise_Cards/Triceps Kickback/triceps_kickback_hero.png,1536,1024,RGB,MINOR COLOR FIX,wall too blue/cold,0.8746,27443eabf131b7d468b3a0bc52d54273790222ff0ed07c6f1bdd942df759615e
swimming,Swimming,START/END,swimming_start.png,Pilates Assets/02_Exercise_Cards/Swimming/swimming_start.png,1536,1024,RGB,MINOR COLOR FIX,floor too cold,0.8642,95f80f2f9ea512d904f4ac9e34d1c40f1ca26de78418776a3c681362100b95b9
standing_oblique,Boční zkracovačky ve stoji,END,standing_oblique_crunch_end.png,Pilates Assets/02_Exercise_Cards/Standing Oblique Crunch/standing_oblique_crunch_end.png,1536,1024,RGB,MINOR COLOR FIX,wall too blue/cold; floor too cold,0.8402,9e37cca0f98367c64c9006cf4d8caf1188deef58704e062d3b53cccb52e462ba
chest_press,Tlaky s činkami vleže,HERO,chest_press_hero.png,Pilates Assets/02_Exercise_Cards/Chest Press/chest_press_hero.png,1536,1024,RGB,MINOR COLOR FIX,wall too blue/cold,0.8342,c5a2ea5ad7eb82af066207a763aee9739902de8c9da796e0c1919ee51062f300
rainbow,Rainbow Leg Raise,START,rainbow_leg_raise_start.png,Pilates Assets/02_Exercise_Cards/Rainbow Leg Raise/rainbow_leg_raise_start.png,1536,1024,RGB,MINOR COLOR FIX,floor too cold,0.8193,0f288a33b333138245aaa0f8e0eab655400dd2c3d5f1e1b6cb120a2340aae2b6
supine_twist,Rotace páteře vleže,HERO,supine_twist_hero.png,Pilates Assets/02_Exercise_Cards/Supine Twist/supine_twist_hero.png,1536,1024,RGB,MINOR COLOR FIX,wall too blue/cold; floor too cold,0.8055,6b914d36fb491edd60f92a36c8ddf516f1ad5a4020d9cd3fe679ebe4c94019a2
triceps_kickback,Triceps Kickback,START/END,triceps_kickback_start.png,Pilates Assets/02_Exercise_Cards/Triceps Kickback/triceps_kickback_start.png,1536,1024,RGB,MINOR COLOR FIX,wall too blue/cold,0.7867,f8c7b168369e9918f8cd5a64bf48932f0614551702424643dd3143f06052c4ab
press,Tlaky s činkami nad hlavu,HERO,shoulder_press_hero.png,Pilates Assets/02_Exercise_Cards/Shoulder Press/shoulder_press_hero.png,1536,1024,RGB,MINOR COLOR FIX,floor too cold,0.7765,b7335b1325d430068af503b0841cf9c13b0190bf8365f18224735328bdd45eb4
chest_press,Tlaky s činkami vleže,START/END,chest_press_start.png,Pilates Assets/02_Exercise_Cards/Chest Press/chest_press_start.png,1536,1024,RGB,MINOR COLOR FIX,wall too blue/cold,0.7688,e38bc94b251a4c1f66c10d064638253b53309e9d1611085b3d1ffb9822f764e2
catcow,Cat-Cow,HERO,cat_cow_hero.png,Pilates Assets/02_Exercise_Cards/Cat-Cow/cat_cow_hero.png,1536,1024,RGB,MINOR COLOR FIX,floor too cold,0.7383,87b6c921cef39d365e21323ce04b5f2f23f28402a6f2f261f68def8a4026621c
plie,Plié Squat,HERO,plie_squat_hero.png,Pilates Assets/02_Exercise_Cards/Plie Squat/plie_squat_hero.png,1536,1024,RGB,MINOR COLOR FIX,wall too blue/cold,0.7329,8fc0eb230223e4dbf91897f5392fb0044911f00c6bfa21583ef9013070708d36
catcow,Cat-Cow,END,cat_cow_end.png,Pilates Assets/02_Exercise_Cards/Cat-Cow/cat_cow_end.png,1536,1024,RGB,MINOR COLOR FIX,floor too cold,0.7148,d980189559e7342dcb9c23b3687a881ef3f9b99cce9ca1205018b658ca015756
russian,Rotace trupu v sedu,HERO,russian_twist_hero.png,Pilates Assets/02_Exercise_Cards/Russian Twist/russian_twist_hero.png,1536,1024,RGB,MINOR COLOR FIX,wall too blue/cold; floor too cold,0.7102,d7c282785b5a6144bab43119ff2c83f9544ab57d60f905b44c04671b4ed9713b
figure_four,Protažení hýždí vleže,HERO,figure_four_stretch_hero.png,Pilates Assets/02_Exercise_Cards/Figure Four Stretch/figure_four_stretch_hero.png,1536,1024,RGB,MINOR COLOR FIX,wall too blue/cold,0.6961,4e36af09594982da2096ac31a68e3e86dee161b5abc750f7bad6a833830c4dce
sidekick,Side Kick,HERO,side_kick_hero.png,Pilates Assets/02_Exercise_Cards/Side Kick/side_kick_hero.png,1536,1024,RGB,MINOR COLOR FIX,wall too blue/cold,0.6823,8d26f2be9cfff260b35a62412a795f87fa47ab4da6e64c4370825a7ecab59d44
rainbow,Rainbow Leg Raise,END,rainbow_leg_raise_end.png,Pilates Assets/02_Exercise_Cards/Rainbow Leg Raise/rainbow_leg_raise_end.png,1536,1024,RGB,MINOR COLOR FIX,floor too cold,0.6804,2bb48aeeab818c3062a1ee173d804d0bbb0f9dc2699816ecc11d8c3e07569931
tap,Plank Shoulder Taps,HERO,plank_shoulder_taps_hero.png,Pilates Assets/02_Exercise_Cards/Plank Shoulder Taps/plank_shoulder_taps_hero.png,1536,1024,RGB,MINOR COLOR FIX,wall too blue/cold,0.6755,be4c5f2c3e5d7a14a0faf9a68414bc15a5f7c55ca57e66d099fe329ad0930060
bird,Bird Dog,START/END,bird_dog_start.png,Pilates Assets/02_Exercise_Cards/Bird Dog/bird_dog_start.png,1536,1024,RGB,MINOR COLOR FIX,floor too cold,0.6646,1a58b872d3f2e152707a5927bfce0f0e00e815164a9b22cb6d7c7249e6383f16
catcow,Cat-Cow,START,cat_cow_start.png,Pilates Assets/02_Exercise_Cards/Cat-Cow/cat_cow_start.png,1536,1024,RGB,MINOR COLOR FIX,floor too cold,0.6646,1a58b872d3f2e152707a5927bfce0f0e00e815164a9b22cb6d7c7249e6383f16
childs_pose,Pozice dítěte,START/END,childs_pose_start.png,Pilates Assets/02_Exercise_Cards/Child's Pose/childs_pose_start.png,1536,1024,RGB,MINOR COLOR FIX,floor too cold,0.6646,1a58b872d3f2e152707a5927bfce0f0e00e815164a9b22cb6d7c7249e6383f16
donkey,Zanožování v kleku,START/END,donkey_kick_start.png,Pilates Assets/02_Exercise_Cards/Donkey Kick/donkey_kick_start.png,1536,1024,RGB,MINOR COLOR FIX,floor too cold,0.6646,1a58b872d3f2e152707a5927bfce0f0e00e815164a9b22cb6d7c7249e6383f16
donkey,Zanožování v kleku,HERO,donkey_kick_hero.png,Pilates Assets/02_Exercise_Cards/Donkey Kick/donkey_kick_hero.png,1536,1024,RGB,MINOR COLOR FIX,floor too cold,0.6504,7753402994688abc3a80054f331cdb7eabe603f1335d93bbacba7c250acf027c
supine_twist,Rotace páteře vleže,START/END,supine_twist_start.png,Pilates Assets/02_Exercise_Cards/Supine Twist/supine_twist_start.png,1536,1024,RGB,MINOR COLOR FIX,wall too blue/cold; floor too cold,0.6355,397165010ce8a2ba92a31431477e02607cc38ed47b3290f67896e1f50577075e
hundred,Kmity pažemi vleže,START/END,hundred_start.png,Pilates Assets/02_Exercise_Cards/The Hundred/hundred_start.png,1536,1024,RGB,MINOR COLOR FIX,floor too cold,0.6319,1b2bc83cd4c19f098615d05574822fa715c5dcd48264cdcdcadaac1f4a75ed54
bird,Bird Dog,HERO,bird_dog_hero.png,Pilates Assets/02_Exercise_Cards/Bird Dog/bird_dog_hero.png,1536,1024,RGB,MINOR COLOR FIX,floor too cold,0.6242,f5924c8120ba5eb9abf8953b392e1ffd3552232d642f1943a795d2bd3d66038c
mermaid,Mermaid Stretch,START/END,mermaid_stretch_start.png,Pilates Assets/02_Exercise_Cards/Mermaid Stretch/mermaid_stretch_start.png,1536,1024,RGB,MINOR COLOR FIX,wall too blue/cold,0.6105,1ae30978ddf4373a5498c77205e60c87ef0ac76e7287033c0867f65bc157d6fc
swimming,Swimming,HERO,swimming_hero.png,Pilates Assets/02_Exercise_Cards/Swimming/swimming_hero.png,1536,1024,RGB,MINOR COLOR FIX,floor too cold,0.5971,6ffa0c6d136f4573d8f20a82243ae8d21147cf647d94c9a5f4a6afd37f534990
raise,Lateral Raise,HERO,lateral_raise_hero.png,Pilates Assets/02_Exercise_Cards/Lateral Raise/lateral_raise_hero.png,1536,1024,RGB,PASS,wall too blue/cold,0.5223,a12091fb4533d8b5ca8e170c2a108b5032aa27ed1fb38a1f12ae085a38bbcc89
spine,Protažení páteře v sedu,START/END,spine_stretch_start.png,Pilates Assets/02_Exercise_Cards/Spine Stretch/spine_stretch_start.png,1536,1024,RGB,PASS,,0.4980,6a431021c45bce007f9946fc2919d4037118d04c23f010d0e822c789ff7ef382
toetap,Toe Taps,HERO,toe_taps_hero.png,Pilates Assets/02_Exercise_Cards/Toe Tap/toe_taps_hero.png,1536,1024,RGB,PASS,,0.4980,9c7120aa490af2f0c94dd864e0d2de91d89533005af2af183b2475cfd43a585f
heeltaps,Heel Taps,HERO,heel_taps_hero.png,Pilates Assets/02_Exercise_Cards/Heel Taps/heel_taps_hero.png,1536,1024,RGB,PASS,,0.4845,919dfa2c6288fc59040a70d94657ef359548669b057a86b68aa1b898daeea085
scissors,Nůžky,START/END,scissors_start.png,Pilates Assets/02_Exercise_Cards/Scissors/scissors_start.png,1536,1024,RGB,PASS,,0.4811,148e35da57bb9d998aedf38bdbc33f0567b50f39a9ba67f8dc426f89b5cb99ce
spine,Protažení páteře v sedu,HERO,spine_stretch_hero.png,Pilates Assets/02_Exercise_Cards/Spine Stretch/spine_stretch_hero.png,1536,1024,RGB,PASS,,0.4758,06531ea5e2c3796a4cacde7c400a1c7ee5b08b199ec465500a5076b664cdc418
scissors,Nůžky,HERO,scissors_hero.png,Pilates Assets/02_Exercise_Cards/Scissors/scissors_hero.png,1536,1024,RGB,PASS,,0.4628,057fc14e74f4aaa37920227465ef95d766a8f9c3c97647bc3aa4d6da20e34945
dumbbell_pullover,Přítah činky za hlavu,HERO,Dumbbell Pullover hero.png,Pilates Assets/02_Exercise_Cards/Dumbbell Pullover/Dumbbell Pullover hero.png,1536,1024,RGB,PASS,,0.4540,d02df1c380d2a7d8b68050e1992437e7ec2439604e2bae87a459611c5d698cc9
dumbbell_pullover,Přítah činky za hlavu,START/END,Dumbbell Pullover start.png,Pilates Assets/02_Exercise_Cards/Dumbbell Pullover/Dumbbell Pullover start.png,1536,1024,RGB,PASS,,0.4464,163d1e5334266ff63776782f0de71f2d0a2ece8c017fb7d79ec191efd1d835d2
deadbug,Dead Bug,HERO,dead_bug_hero.png,Pilates Assets/02_Exercise_Cards/Dead Bug/dead_bug_hero.png,1536,1024,RGB,PASS,,0.4378,a3881954b58d1a50671609516bd53f03c06bfb226cb95fa0ec055b9139b4aab6
raise,Lateral Raise,START/END,lateral_raise_start.png,Pilates Assets/02_Exercise_Cards/Lateral Raise/lateral_raise_start.png,1536,1024,RGB,PASS,,0.4303,cdea7778ad8e2f2361119525ad5248701b3d55e91cec023a18300dc20a4d7841
revcrunch,Reverse Crunch,START/END,reverse_crunch_start.png,Pilates Assets/02_Exercise_Cards/Reverse Crunch/reverse_crunch_start.png,1536,1024,RGB,PASS,,0.4294,18d1b5210a94236f9e630a64b48e3cc92d5c722e9eaa11123d82f4fb443a9f9c
toetap,Toe Taps,START/END,toe_tap_start.png,Pilates Assets/02_Exercise_Cards/Toe Tap/toe_tap_start.png,1536,1024,RGB,PASS,,0.4294,18d1b5210a94236f9e630a64b48e3cc92d5c722e9eaa11123d82f4fb443a9f9c
russian,Rotace trupu v sedu,START/END,russian_twist_start.png,Pilates Assets/02_Exercise_Cards/Russian Twist/russian_twist_start.png,1536,1024,RGB,PASS,,0.4273,b0543e42a4ec238fff35c2105c8b84fb88545c5a5645740ed4d5c52ccf2748aa
revcrunch,Reverse Crunch,HERO,reverse_crunch_hero.png,Pilates Assets/02_Exercise_Cards/Reverse Crunch/reverse_crunch_hero.png,1536,1024,RGB,PASS,,0.4267,49dfdd140c74aaaecff5e68768d4ecba9dcf00c68aee002f96698ab508a0a196
scissors,Nůžky,MID,scissors_mid.png,Pilates Assets/02_Exercise_Cards/Scissors/scissors_mid.png,1536,1024,RGB,PASS,,0.4266,d2ba8031043856a4f33303a2d0ff4e3321052df8975c4ff15ae8da39936d5577
chest_opener,Chest Opener,START/END,chest_opener_start.png,Pilates Assets/02_Exercise_Cards/Chest Opener/chest_opener_start.png,1536,1024,RGB,PASS,,0.4233,ab5a7b2330678b5dbb3c52936b8b716c2842a5a10791bff6366765aa708690b4
tap,Plank Shoulder Taps,START/END,plank_shoulder_taps_start.png,Pilates Assets/02_Exercise_Cards/Plank Shoulder Taps/plank_shoulder_taps_start.png,1536,1024,RGB,PASS,,0.4102,c5f9a762ef4701fd1bad7588d283d79729769738e53bc3c7d11854d594a71398
chest_fly,Rozpažování s činkami vleže,HERO,chest_fly_hero.png,Pilates Assets/02_Exercise_Cards/Chest Fly/chest_fly_hero.png,1536,1024,RGB,PASS,,0.4042,26296bab461ca3087bf408a7de0e8851d511e98e8ae9b20ca5cb5c669d5f2e0c
hamstring_supine,Jemné protažení zadní strany stehna,START/END,hamstring_stretch_start.png,Pilates Assets/02_Exercise_Cards/Hamstring Stretch/hamstring_stretch_start.png,1536,1024,RGB,PASS,,0.3784,78992b6ba84722d70274f22b88d5114d796c54ee08ff80af0cf873562c394a25
plie,Plié Squat,START/END,plie_squat_start.png,Pilates Assets/02_Exercise_Cards/Plie Squat/plie_squat_start.png,1536,1024,RGB,PASS,,0.3743,1c1d88cbc0e7f614237f275473b450fbc3454c234c9b334a9b9b3f327ea6712c
deadbug,Dead Bug,START/END,dead_bug_start.png,Pilates Assets/02_Exercise_Cards/Dead Bug/dead_bug_start.png,1536,1024,RGB,PASS,,0.3712,762e5d77b7c74d59c54c256ece05809ab039c8b0ddfa2de38b899440b1559723
chest_opener,Chest Opener,HERO,chest_opener_hero.png,Pilates Assets/02_Exercise_Cards/Chest Opener/chest_opener_hero.png,1536,1024,RGB,PASS,,0.3529,4583691f3fd532642d0b592efaa480cc1d532e002ef807e9ba8053adc4032f1c
childs_pose,Pozice dítěte,HERO,childs_pose_hero.png,Pilates Assets/02_Exercise_Cards/Child's Pose/childs_pose_hero.png,1536,1024,RGB,PASS,,0.3481,ee55f6610090227719b2f9c0724843fbce72c60d006274547b3cec232acf68b8
frog,Frog Pumps,START/END,frog_pumps_start.png,Pilates Assets/02_Exercise_Cards/Frog Pumps/frog_pumps_start.png,1536,1024,RGB,PASS,,0.3473,023676a06d9fd1d8a9d86f0aeb9cce86c273a6dbb7d3c7d48f570165a4387dcc
hundred,Kmity pažemi vleže,HERO,hundred_hero.png,Pilates Assets/02_Exercise_Cards/The Hundred/hundred_hero.png,1536,1024,RGB,PASS,,0.3425,ad6673a96acdb003149ec41046866c6d6ac2e4b2a13cd17609a06e6575db99f7
mermaid,Mermaid Stretch,HERO,mermaid_stretch_hero.png,Pilates Assets/02_Exercise_Cards/Mermaid Stretch/mermaid_stretch_hero.png,1536,1024,RGB,PASS,,0.3412,2b17e9886867050df3ae96883004f47198e7d507f43da017720faa3e327b2da8
chest_fly,Rozpažování s činkami vleže,START/END,chest_fly_start.png,Pilates Assets/02_Exercise_Cards/Chest Fly/chest_fly_start.png,1536,1024,RGB,PASS,,0.3031,988dc8d1ec3e3fcf7db67db1adc2a07924dcdc33229a66a5b488f842d6f443bf
glute_bridge_march,Pochod v mostu,HERO,glute_bridge_march_hero.png,Pilates Assets/02_Exercise_Cards/Glute Bridge March/glute_bridge_march_hero.png,1536,1024,RGB,PASS,,0.2929,94026231a8f22ed70015f2bc10d1bd2c80d4b90683436560cf7e065388105a01
knee_pushup,Kliky na kolenou,START/END,knee_push_up_start.png,Pilates Assets/02_Exercise_Cards/Knee Push-Up/knee_push_up_start.png,1536,1024,RGB,PASS,,0.2852,542a4176948792153069208ffea6b5a709e607b9e7f617373971a61ea3d64938
knee_pushup,Kliky na kolenou,HERO,knee_push_up_hero.png,Pilates Assets/02_Exercise_Cards/Knee Push-Up/knee_push_up_hero.png,1536,1024,RGB,PASS,,0.2828,da4bb980451fd63a45f206e91718ffe78e03fa59ab65ded0d96a849f4eb55bb2
hollow,Hollow Hold,HERO,hollow_hold_hero.png,Pilates Assets/02_Exercise_Cards/Hollow Hold/hollow_hold_hero.png,1536,1024,RGB,PASS,,0.2809,29e2746374a8c5e57b13dbb423e13f4050e3cd901c54c97904aa8016d38bae74
heeltaps,Heel Taps,START/END,heel_taps_start.png,Pilates Assets/02_Exercise_Cards/Heel Taps/heel_taps_start.png,1536,1024,RGB,PASS,,0.2775,b570f9e7df3323670d679dbdac97864b80a450dc608e57577da1b2374f40a6dc
rollup,Rolování do sedu,HERO,roll_up_hero.png,Pilates Assets/02_Exercise_Cards/Roll Up/roll_up_hero.png,1536,1024,RGB,PASS,,0.2703,feb6de94738905d116caa668476f6885ef2bc46274afae7e201f0d3946e5a552
hamstring_supine,Jemné protažení zadní strany stehna,HERO,hamstring_stretch_hero.png,Pilates Assets/02_Exercise_Cards/Hamstring Stretch/hamstring_stretch_hero.png,1536,1024,RGB,PASS,,0.2604,9a3d7e113af68b8ebcada69a69003149e889ead21d9ac551cb4a4d3d8b04f621
sideplank_reach,Boční prkno s rotací,HERO,side_plank_reach_hero.png,Pilates Assets/02_Exercise_Cards/Side Plank Reach/side_plank_reach_hero.png,1536,1024,RGB,PASS,,0.2450,c00dae126a2115794506d9329c7f07ab834a84f6b4096e1f7fe4fcb9c2c6f2ff
figure_four,Protažení hýždí vleže,MID,figure_four_stretch_mid.png,Pilates Assets/02_Exercise_Cards/Figure Four Stretch/figure_four_stretch_mid.png,1536,1024,RGB,PASS,,0.2379,73ee9bed7ac1ace90b06aefc6090269feb417c48a33bf93b6d3ca73bc5fa4232
abduction,Roznožování v mostu,START/END,bridge_abduction_start.png,Pilates Assets/02_Exercise_Cards/Bridge Abduction/bridge_abduction_start.png,1536,1024,RGB,PASS,,0.2287,055f549c5d818761806d0440267461420f4899e8876f5e0e1d5405ce2d90b156
glute_bridge_march,Pochod v mostu,MID,glute_bridge_march_mid.png,Pilates Assets/02_Exercise_Cards/Glute Bridge March/glute_bridge_march_mid.png,1536,1024,RGB,PASS,,0.2287,055f549c5d818761806d0440267461420f4899e8876f5e0e1d5405ce2d90b156
figure_four,Protažení hýždí vleže,START/END,figure_four_stretch_start.png,Pilates Assets/02_Exercise_Cards/Figure Four Stretch/figure_four_stretch_start.png,1536,1024,RGB,PASS,,0.2210,d3df1aee9e5fe5bbce102e0ec93d6bde186f2fc24ed4097ecce0babb9b8e4e3f
glute_bridge_march,Pochod v mostu,START/END,glute_bridge_march_start.png,Pilates Assets/02_Exercise_Cards/Glute Bridge March/glute_bridge_march_start.png,1536,1024,RGB,PASS,,0.2210,d3df1aee9e5fe5bbce102e0ec93d6bde186f2fc24ed4097ecce0babb9b8e4e3f
hip_march,Pochod vleže,START/END,hip_march_start.png,Pilates Assets/02_Exercise_Cards/Hip March/hip_march_start.png,1536,1024,RGB,PASS,,0.2210,d3df1aee9e5fe5bbce102e0ec93d6bde186f2fc24ed4097ecce0babb9b8e4e3f
hollow,Hollow Hold,START/END,hollow_hold_start.png,Pilates Assets/02_Exercise_Cards/Hollow Hold/hollow_hold_start.png,1536,1024,RGB,PASS,,0.2210,d3df1aee9e5fe5bbce102e0ec93d6bde186f2fc24ed4097ecce0babb9b8e4e3f
sphinx,Sphinx Stretch,START/HERO/END,sphinx_stretch_start.png,Pilates Assets/02_Exercise_Cards/Sphinx Stretch/sphinx_stretch_start.png,1536,1024,RGB,PASS,,0.2181,fcad29f8c657327a9d11e7d2ddb48e6bc9dcec540ac88a871b07f961f0e17f98
abduction,Roznožování v mostu,HERO,bridge_abduction_hero.png,Pilates Assets/02_Exercise_Cards/Bridge Abduction/bridge_abduction_hero.png,1536,1024,RGB,PASS,,0.2067,7a29dee229e52350f8e76016c443eaa266c0f0962748641eec6f6e1ea03d671b
sidekick,Side Kick,START,side_kick_start.png,Pilates Assets/02_Exercise_Cards/Side Kick/side_kick_start.png,1536,1024,RGB,PASS,,0.1948,10373503c0f003e51861ff18c3d68f3901d34bfaed58dcd552f13a46bc6a7ddd
plank,Prkno na předloktích,START/HERO/END,forearm_plank_start.png,Pilates Assets/02_Exercise_Cards/Forearm Plank/forearm_plank_start.png,1536,1024,RGB,PASS,,0.1943,c6978e701cfaf76dab7111aab8d70370380a8c7bba853296861352a820127c68
hip_march,Pochod vleže,HERO,hip_march_hero.png,Pilates Assets/02_Exercise_Cards/Hip March/hip_march_hero.png,1536,1024,RGB,PASS,,0.1937,9a4488355a060b0105ed40e2b2d665ab3cedf332fde66b35ba12cce25f99fcbc
sideplank,Side Plank,START/END,side_plank_start.png,Pilates Assets/02_Exercise_Cards/Side Plank/side_plank_start.png,1536,1024,RGB,PASS,,0.1903,67211c832812fde512f0847eb9a209d65aef918c411d269841204db87be7ba93
frog,Frog Pumps,HERO,frog_pumps_hero.png,Pilates Assets/02_Exercise_Cards/Frog Pumps/frog_pumps_hero.png,1536,1024,RGB,PASS,,0.1890,090e68ecf8fac3e93f863b40380749d9b76ca672bfa211f56240785cd6333c14
sideplank,Side Plank,HERO,side_plank_hero.png,Pilates Assets/02_Exercise_Cards/Side Plank/side_plank_hero.png,1536,1024,RGB,PASS,,0.1833,67d93f038db9c216bec4e1b0c7d7d9022d05a84c55e5efd2618e3e7577f8e9bb
sideplank_reach,Boční prkno s rotací,START,side_plank_reach_start.png,Pilates Assets/02_Exercise_Cards/Side Plank Reach/side_plank_reach_start.png,1536,1024,RGB,PASS,,0.1833,67d93f038db9c216bec4e1b0c7d7d9022d05a84c55e5efd2618e3e7577f8e9bb
sideplank_reach,Boční prkno s rotací,END,side_plank_reach_end.png,Pilates Assets/02_Exercise_Cards/Side Plank Reach/side_plank_reach_end.png,1536,1024,RGB,PASS,,0.1566,ff89936718328350ab3491b3f86f258244a0bd21c02aca55f43e824ce2fdbf2b
legraises,Leg Raises,START/END,leg_raises_start.png,Pilates Assets/02_Exercise_Cards/Leg Raises/leg_raises_start.png,1536,1024,RGB,PASS,,0.1236,65921706ad2ba918f267d94ba8fbd23dda86a95bfb69dfbb8d61afd91f10db17
legraises,Leg Raises,HERO,leg_raises_hero.png,Pilates Assets/02_Exercise_Cards/Leg Raises/leg_raises_hero.png,1536,1024,RGB,PASS,,0.1228,54ce8c27f958f5b983693602ad0862510478939eda7091e015870e44f0060e93
bicycle,Bicycle Crunch,END,bicycle_crunch_end.png,Pilates Assets/02_Exercise_Cards/Bicycle Crunch/bicycle_crunch_end.png,1536,1024,RGB,PASS,color MASTER,0.0000,ba012bcfae8d6aef2758d0ad42343ba5542f090d1abc0db3e104dd3a1b8d69da
bicycle,Bicycle Crunch,HERO,bicycle_crunch_hero.png,Pilates Assets/02_Exercise_Cards/Bicycle Crunch/bicycle_crunch_hero.png,1536,1024,RGB,PASS,color MASTER,0.0000,93889f84f6fa815714ceeb7c5e7281c69220a1f9b579342ca8c921ac2ce679c7
bicycle,Bicycle Crunch,START,bicycle_crunch_start.png,Pilates Assets/02_Exercise_Cards/Bicycle Crunch/bicycle_crunch_start.png,1536,1024,RGB,PASS,color MASTER,0.0000,703fed20ee7037aa72ffecaf30dd9086341363c05ebfd6e3b77dd3269f623a6b
