pass,exercise_id,frame,candidate_path,source_path,source_sha256,candidate_sha256,deployed_sha256
PASS 1,chest_press,HERO,Pilates Assets/03_Exports/MASTER_ENVIRONMENT_V02_OUTLIER_FIX/CANDIDATES/chest_press/chest_press_hero.png,Pilates Assets/02_Exercise_Cards/Chest Press/chest_press_hero.png,68a235be48f148282e9ddeeb0e68e786d35fe1dea07234757d0f2ccd6ec0a81c,d0e83a055ea8a783de1b7e280a6655b969320de333e5fc5519c5b97e1ede61b5,d0e83a055ea8a783de1b7e280a6655b969320de333e5fc5519c5b97e1ede61b5
PASS 1,sidekick,END,Pilates Assets/03_Exports/MASTER_ENVIRONMENT_V02_OUTLIER_FIX/CANDIDATES/sidekick/side_kick_end.png,Pilates Assets/02_Exercise_Cards/Side Kick/side_kick_end.png,94264392b9293e7295d08a5a373221ff4ac90bcce0737b598af313b91bebdbbb,8a78768b821823001c234723b0022260ce6b7b1a5847715e6528c3442400aff1,8a78768b821823001c234723b0022260ce6b7b1a5847715e6528c3442400aff1
PASS 1,triceps_kickback,HERO,Pilates Assets/03_Exports/MASTER_ENVIRONMENT_V02_OUTLIER_FIX/CANDIDATES/triceps_kickback/triceps_kickback_hero.png,Pilates Assets/02_Exercise_Cards/Triceps Kickback/triceps_kickback_hero.png,92d46c6dc58058c0e339966979fe630b16ea062934079888de85c5a1e3e26bea,724935ca9f9294b7bc5d372e580ad635b6043dddbb1ade72053df6b3bb880005,724935ca9f9294b7bc5d372e580ad635b6043dddbb1ade72053df6b3bb880005
PASS 1,triceps_kickback,START/END,Pilates Assets/03_Exports/MASTER_ENVIRONMENT_V02_OUTLIER_FIX/CANDIDATES/triceps_kickback/triceps_kickback_start.png,Pilates Assets/02_Exercise_Cards/Triceps Kickback/triceps_kickback_start.png,04adc6445956fc047d04fab07db1e1d09215a2a1acbec472ae7f8140f6ed7e6b,4c33cf9b6af79de86567a508a3283c4f3c0ccd70c621bd9627b06927193b3c43,4c33cf9b6af79de86567a508a3283c4f3c0ccd70c621bd9627b06927193b3c43
PASS 1,standing_oblique,START,Pilates Assets/03_Exports/MASTER_ENVIRONMENT_V02_OUTLIER_FIX/CANDIDATES/standing_oblique/standing_oblique_crunch_start.png,Pilates Assets/02_Exercise_Cards/Standing Oblique Crunch/standing_oblique_crunch_start.png,181d2519da5f3b8fb2a3a5575ff84622eda9faeebd113770624e851d6d34132e,8a0d1db2f23a2a8f99ee1427dc709204c7945246b3850fb757544a0a456544c7,8a0d1db2f23a2a8f99ee1427dc709204c7945246b3850fb757544a0a456544c7
PASS 1,chest_press,START/END,Pilates Assets/03_Exports/MASTER_ENVIRONMENT_V02_OUTLIER_FIX/CANDIDATES/chest_press/chest_press_start.png,Pilates Assets/02_Exercise_Cards/Chest Press/chest_press_start.png,6836b68bcec155bf5bb90703fb0a63f0d2d52c99a7f7d3c26b8568951117ff7d,66f1cca8ccc90e516a1894cf0f6a463360f03552300ec83676723b3f57b2b3d4,66f1cca8ccc90e516a1894cf0f6a463360f03552300ec83676723b3f57b2b3d4
PASS 1,rollup,START/END,Pilates Assets/03_Exports/MASTER_ENVIRONMENT_V02_OUTLIER_FIX/CANDIDATES/rollup/roll_up_start.png,Pilates Assets/02_Exercise_Cards/Roll Up/roll_up_start.png,c887c1042757f6f37f76cdebd982182f70e015931659bb5df860433a5f402e0b,eb4afd992ab2ee21de775afb32e469b09d3bc42115a6d084ce1341cb8c9c7899,eb4afd992ab2ee21de775afb32e469b09d3bc42115a6d084ce1341cb8c9c7899
PASS 1,clam,START/END,Pilates Assets/03_Exports/MASTER_ENVIRONMENT_V02_OUTLIER_FIX/CANDIDATES/clam/clamshell_start.png,Pilates Assets/02_Exercise_Cards/Clamshell/clamshell_start.png,3d4bfd626d4ce235c16e8eb451ad5e2106f183a5780c3bd0125f823c1ad6286d,f49efcc80624b752d8fa74a459941d799f56bde5aac8d00f4735cff8905fb4e7,f49efcc80624b752d8fa74a459941d799f56bde5aac8d00f4735cff8905fb4e7
PASS 1,raise,HERO,Pilates Assets/03_Exports/MASTER_ENVIRONMENT_V02_OUTLIER_FIX/CANDIDATES/raise/lateral_raise_hero.png,Pilates Assets/02_Exercise_Cards/Lateral Raise/lateral_raise_hero.png,a12091fb4533d8b5ca8e170c2a108b5032aa27ed1fb38a1f12ae085a38bbcc89,1ef340dcfdb8fe7f8bad89ee7baddddb2e6b3466280ad454240e7ff12169e6f5,1ef340dcfdb8fe7f8bad89ee7baddddb2e6b3466280ad454240e7ff12169e6f5
PASS 1,raise,START/END,Pilates Assets/03_Exports/MASTER_ENVIRONMENT_V02_OUTLIER_FIX/CANDIDATES/raise/lateral_raise_start.png,Pilates Assets/02_Exercise_Cards/Lateral Raise/lateral_raise_start.png,cdea7778ad8e2f2361119525ad5248701b3d55e91cec023a18300dc20a4d7841,aae7ecd8baa5fdc983acc01eee21f2085af47825f27239cacdc40048821f32dd,aae7ecd8baa5fdc983acc01eee21f2085af47825f27239cacdc40048821f32dd
PASS 1,inner_thigh,HERO,Pilates Assets/03_Exports/MASTER_ENVIRONMENT_V02_OUTLIER_FIX/CANDIDATES/inner_thigh/inner_thigh_lift_hero.png,Pilates Assets/02_Exercise_Cards/Inner Thigh Lift/inner_thigh_lift_hero.png,891258b48fb755324382b8bdda7596af1114c7cc71a6626e9378fd24e877f0ce,fe568e68d8b825b5d2ff6f9e583671b49991c0925399d9d153202e220fae83d4,fe568e68d8b825b5d2ff6f9e583671b49991c0925399d9d153202e220fae83d4
PASS 1,standing_oblique,HERO,Pilates Assets/03_Exports/MASTER_ENVIRONMENT_V02_OUTLIER_FIX/CANDIDATES/standing_oblique/standing_oblique_crunch_hero.png,Pilates Assets/02_Exercise_Cards/Standing Oblique Crunch/standing_oblique_crunch_hero.png,ae3ad87ed6a51ebc4ae3bfb6e22ed0cf1ba58a81c773598c55edbc67172a696b,bf7e3e2cecdc172547b2a67f74ca5422e71dcd139d944b853d02a475c959b59b,bf7e3e2cecdc172547b2a67f74ca5422e71dcd139d944b853d02a475c959b59b
PASS 1,hip,START/END,Pilates Assets/03_Exports/MASTER_ENVIRONMENT_V02_OUTLIER_FIX/CANDIDATES/hip/glute_bridge_start.png,Pilates Assets/02_Exercise_Cards/Glute Bridge/glute_bridge_start.png,38d74cdf7ee472b456cb545bba67696a3b925089cbbb9932300fafebe0cf03bb,a4560563c2160e71c5d8dfc5e38a4095127a68dca9598a86a27aab5af5001da6,a4560563c2160e71c5d8dfc5e38a4095127a68dca9598a86a27aab5af5001da6
PASS 1,hip,HERO,Pilates Assets/03_Exports/MASTER_ENVIRONMENT_V02_OUTLIER_FIX/CANDIDATES/hip/glute_bridge_hero.png,Pilates Assets/02_Exercise_Cards/Glute Bridge/glute_bridge_hero.png,52dbbe56e6c424b333ea04daf37164760aab72b261312999c82bb26ce64a21b6,0a2ce198c0c41766724565c13b591a5a3839b04e848002ef01f4e3e2e701e713,0a2ce198c0c41766724565c13b591a5a3839b04e848002ef01f4e3e2e701e713
PASS 1,standing_oblique,END,Pilates Assets/03_Exports/MASTER_ENVIRONMENT_V02_OUTLIER_FIX/CANDIDATES/standing_oblique/standing_oblique_crunch_end.png,Pilates Assets/02_Exercise_Cards/Standing Oblique Crunch/standing_oblique_crunch_end.png,a05ef0cff713802ba8553a83e0dbefb18b6e626cd4ad28a0ff816bd25888a043,e98496f58ca706584d479b160d8bafbd9708212cc7e79601044e741db13a9f64,e98496f58ca706584d479b160d8bafbd9708212cc7e79601044e741db13a9f64
PASS 1,hydrant,HERO,Pilates Assets/03_Exports/MASTER_ENVIRONMENT_V02_OUTLIER_FIX/CANDIDATES/hydrant/fire_hydrant_hero.png,Pilates Assets/02_Exercise_Cards/Fire Hydrant/fire_hydrant_hero.png,11cf871fec46ea7faed32bab63ebd9f791c5e3d7624907046899a31e6f00a7b4,6822dd774a2b964c390f38b3a4e94e4c5ae06392ebbe976c9e1f6779c39660c7,6822dd774a2b964c390f38b3a4e94e4c5ae06392ebbe976c9e1f6779c39660c7
PASS 1,sideplank_reach,END,Pilates Assets/03_Exports/MASTER_ENVIRONMENT_V02_OUTLIER_FIX/CANDIDATES/sideplank_reach/side_plank_reach_end.png,Pilates Assets/02_Exercise_Cards/Side Plank Reach/side_plank_reach_end.png,ff89936718328350ab3491b3f86f258244a0bd21c02aca55f43e824ce2fdbf2b,80ac0ad3f594b49a24eb9beb7e076588f9af4d98a6765df971d822d32d52c55f,80ac0ad3f594b49a24eb9beb7e076588f9af4d98a6765df971d822d32d52c55f
PASS 2,donkey,HERO,Pilates Assets/03_Exports/MASTER_ENVIRONMENT_V02_SECOND_OUTLIER_PASS/CANDIDATES/donkey/donkey_kick_hero.png,Pilates Assets/02_Exercise_Cards/Donkey Kick/donkey_kick_hero.png,5c4d772d492aee5d9bd9eef55fbd4328f62ed5db017f5a0b63d651b4ae463493,6c73b9d3036967e39c1128d572de168622b4f6c58b1c7f3786cba60ec9a5ba36,6c73b9d3036967e39c1128d572de168622b4f6c58b1c7f3786cba60ec9a5ba36
PASS 2,sidekick,HERO,Pilates Assets/03_Exports/MASTER_ENVIRONMENT_V02_SECOND_OUTLIER_PASS/CANDIDATES/sidekick/side_kick_hero.png,Pilates Assets/02_Exercise_Cards/Side Kick/side_kick_hero.png,5383fcc28f67ae395e38bd585ab5b3b708534fe0c07425e65aa99ddc4c41cb9a,6076c45b8fedaa6e3f4d1325e8b66031e903ad9cd566ddbdcab966182b19204d,6076c45b8fedaa6e3f4d1325e8b66031e903ad9cd566ddbdcab966182b19204d
PASS 2,sideleg,HERO,Pilates Assets/03_Exports/MASTER_ENVIRONMENT_V02_SECOND_OUTLIER_PASS/CANDIDATES/sideleg/side_leg_lift_hero.png,Pilates Assets/02_Exercise_Cards/Side Leg Lift/side_leg_lift_hero.png,969a636fdc053566eeb979d91536545f0dd35d54acd67e24f09bca76b86b03c7,9be9dd5848fbda43d61a35ee6572187cb4b2156f0a19e1d2a8deea483e364f82,9be9dd5848fbda43d61a35ee6572187cb4b2156f0a19e1d2a8deea483e364f82
PASS 2,rdl,START/END,Pilates Assets/03_Exports/MASTER_ENVIRONMENT_V02_SECOND_OUTLIER_PASS/CANDIDATES/rdl/romanian_deadlift_start.png,Pilates Assets/02_Exercise_Cards/Romanian Deadlift/romanian_deadlift_start.png,dd57f48952eefad6bf9a00343fdd247dffabe8c144cca4d80a8b45ba1b4f3667,17e6a41f2505478ab560dc5ec2b5722a69410b65cdb02b18682b428442fd8518,17e6a41f2505478ab560dc5ec2b5722a69410b65cdb02b18682b428442fd8518
PASS 2,standing_side_bend,HERO,Pilates Assets/03_Exports/MASTER_ENVIRONMENT_V02_SECOND_OUTLIER_PASS/CANDIDATES/standing_side_bend/standing_side_bend_hero.png,Pilates Assets/02_Exercise_Cards/Standing Side Bend/standing_side_bend_hero.png,0213f3ccf124353f1d5f79a461d2274808b196b8c89fc85f89d2f27975f74ac2,0e61aa8303c9c20069fe4ce35950c06bcb1edae2a91eaa238d81399a5063a351,0e61aa8303c9c20069fe4ce35950c06bcb1edae2a91eaa238d81399a5063a351
PASS 2,dumbbell_pullover,HERO,Pilates Assets/03_Exports/MASTER_ENVIRONMENT_V02_SECOND_OUTLIER_PASS/CANDIDATES/dumbbell_pullover/Dumbbell Pullover hero.png,Pilates Assets/02_Exercise_Cards/Dumbbell Pullover/Dumbbell Pullover hero.png,d02df1c380d2a7d8b68050e1992437e7ec2439604e2bae87a459611c5d698cc9,79dcccf626d20aa003806d97629a172ba510d98392968e0320a1284bf4526250,79dcccf626d20aa003806d97629a172ba510d98392968e0320a1284bf4526250
PASS 2,standing_side_bend,START,Pilates Assets/03_Exports/MASTER_ENVIRONMENT_V02_SECOND_OUTLIER_PASS/CANDIDATES/standing_side_bend/standing_side_bend_start.png,Pilates Assets/02_Exercise_Cards/Standing Side Bend/standing_side_bend_start.png,e4157f9e392e7768e946132f7ee3c44174bfe9ac93789662896e8304c5f485e9,39f2e1c5b5e34ef69e67d57ab1fdb9904a3956e3085c4f4547e8f2275c568917,39f2e1c5b5e34ef69e67d57ab1fdb9904a3956e3085c4f4547e8f2275c568917
PASS 2,clam,HERO,Pilates Assets/03_Exports/MASTER_ENVIRONMENT_V02_SECOND_OUTLIER_PASS/CANDIDATES/clam/clamshell_hero.png,Pilates Assets/02_Exercise_Cards/Clamshell/clamshell_hero.png,e2f89da7cc6ca7884f4c619b275948fddb88f5fe08a57f658b25b8153c02394d,a4ed4f2258a1a9319644b00e63ce80e4e7fd42b9cb21580b3a735db428ecd38b,a4ed4f2258a1a9319644b00e63ce80e4e7fd42b9cb21580b3a735db428ecd38b
PASS 2,standing_side_bend,END,Pilates Assets/03_Exports/MASTER_ENVIRONMENT_V02_SECOND_OUTLIER_PASS/CANDIDATES/standing_side_bend/standing_side_bend_end.png,Pilates Assets/02_Exercise_Cards/Standing Side Bend/standing_side_bend_end.png,fcd885d2a07a8c545ed71ae199a0127d015486743952d1339d111834e7d90da7,d2d37740f15735a8c8e71ada8cf94b9a9db06a87f28b9da3bdd7dae1aec6334e,d2d37740f15735a8c8e71ada8cf94b9a9db06a87f28b9da3bdd7dae1aec6334e
PASS 2,hydrant,START/END,Pilates Assets/03_Exports/MASTER_ENVIRONMENT_V02_SECOND_OUTLIER_PASS/CANDIDATES/hydrant/fire_hydrant_start.png,Pilates Assets/02_Exercise_Cards/Fire Hydrant/fire_hydrant_start.png,253f47ba096fe2d3edf9d10d0fde8169d66e6dbda1360fd2d161e3a4e4972a28,912226f22ac17903c1991e83d51144ded00a44b299320db42a9c6797a2b6f783,912226f22ac17903c1991e83d51144ded00a44b299320db42a9c6797a2b6f783
