exercise_ids,roles,source,candidate,status,source_sha256,candidate_sha256,dimensions,mode,format,horizon_y,mask_pixels,changed_pixels,changed_outside_environment_mask,wall_relative_shift_Lab,floor_relative_shift_Lab
hip,"hip:START,hip:END",Pilates Assets/02_Exercise_Cards/Glute Bridge/glute_bridge_start.png,candidates/Pilates Assets/02_Exercise_Cards/Glute Bridge/glute_bridge_start.png,STRONG COLOR FIX,38d74cdf7ee472b456cb545bba67696a3b925089cbbb9932300fafebe0cf03bb,a7beacfc6ab6573ade9f75cffb8a91fe34f8b5494b2f3382d918167fc5733b55,1536x1024,RGB,PNG,768,1121177,1121177,0,"[-1.188, 0.626, 3.6]","[-1.386, -1.012, 1.928]"
hip,hip:HERO,Pilates Assets/02_Exercise_Cards/Glute Bridge/glute_bridge_hero.png,candidates/Pilates Assets/02_Exercise_Cards/Glute Bridge/glute_bridge_hero.png,STRONG COLOR FIX,52dbbe56e6c424b333ea04daf37164760aab72b261312999c82bb26ce64a21b6,eaa145f2d7217a7c2b460cd36127a5c42f667c4b7d7c6acfceea4f3ef12ea1e4,1536x1024,RGB,PNG,797,1080594,1080594,0,"[-1.188, 0.772, 3.6]","[-1.386, -1.677, -0.449]"
rdl,"rdl:START,rdl:END",Pilates Assets/02_Exercise_Cards/Romanian Deadlift/romanian_deadlift_start.png,candidates/Pilates Assets/02_Exercise_Cards/Romanian Deadlift/romanian_deadlift_start.png,STRONG COLOR FIX,dd57f48952eefad6bf9a00343fdd247dffabe8c144cca4d80a8b45ba1b4f3667,d2e31a7124f6bf997f9d16338e8acc6d145a0b1b39d78dd3b509e19374805dad,1536x1024,RGB,PNG,695,1232948,1232948,0,"[-1.188, 0.689, 2.63]","[-1.386, -0.519, 3.766]"
rdl,rdl:HERO,Pilates Assets/02_Exercise_Cards/Romanian Deadlift/romanian_deadlift_hero.png,candidates/Pilates Assets/02_Exercise_Cards/Romanian Deadlift/romanian_deadlift_hero.png,STRONG COLOR FIX,16e8b9a2992310a6cab59bb1541f36302564f6fb7fe578d8bda9fd23b59498e2,d3a014fddf1e3f2f7c7baa1b5bda81e90f1913725f7d8e43f0a8084ae83c6f14,1536x1024,RGB,PNG,694,1191483,1191483,0,"[-1.188, 0.212, 3.524]","[-1.386, -0.792, 4.032]"
hydrant,"hydrant:START,hydrant:END",Pilates Assets/02_Exercise_Cards/Fire Hydrant/fire_hydrant_start.png,candidates/Pilates Assets/02_Exercise_Cards/Fire Hydrant/fire_hydrant_start.png,STRONG COLOR FIX,253f47ba096fe2d3edf9d10d0fde8169d66e6dbda1360fd2d161e3a4e4972a28,f72819146aa0a95c9db0f09cff2b890d4c42710d113bfba15ec5abb32ce71fcf,1536x1024,RGB,PNG,755,1048842,1048842,0,"[-1.188, 0.554, 3.6]","[-1.14, -0.283, 2.25]"
hydrant,hydrant:HERO,Pilates Assets/02_Exercise_Cards/Fire Hydrant/fire_hydrant_hero.png,candidates/Pilates Assets/02_Exercise_Cards/Fire Hydrant/fire_hydrant_hero.png,STRONG COLOR FIX,11cf871fec46ea7faed32bab63ebd9f791c5e3d7624907046899a31e6f00a7b4,9a3c0ed62248116c61acf013069ffd6b5ebf5922577d080fc02769a179b25338,1536x1024,RGB,PNG,771,1029993,1029993,0,"[-1.188, 0.334, 3.6]","[-0.944, -0.746, 1.93]"
donkey,"donkey:START,donkey:END",Pilates Assets/02_Exercise_Cards/Donkey Kick/donkey_kick_start.png,candidates/Pilates Assets/02_Exercise_Cards/Donkey Kick/donkey_kick_start.png,STRONG COLOR FIX,4a52bc908cc5616bc94ea795a9aab08fd0bef91a575a5ca45040cdce8c6c0db8,eb3fe426eb91a7a7e101e10547ccd8a788b6e8fa506148c32bccce298681ed8f,1536x1024,RGB,PNG,758,1068158,1068158,0,"[-1.188, 0.418, 3.6]","[-0.394, -1.693, -1.787]"
donkey,donkey:HERO,Pilates Assets/02_Exercise_Cards/Donkey Kick/donkey_kick_hero.png,candidates/Pilates Assets/02_Exercise_Cards/Donkey Kick/donkey_kick_hero.png,STRONG COLOR FIX,5c4d772d492aee5d9bd9eef55fbd4328f62ed5db017f5a0b63d651b4ae463493,af0f1aeddb67c8a2f1e1b9f7916e5fd5c58ca31b810e3e5cf863cad820508d09,1536x1024,RGB,PNG,779,1021595,1021595,0,"[-1.188, 0.481, 3.6]","[0.135, -2.075, -2.707]"
frog,"frog:START,frog:END",Pilates Assets/02_Exercise_Cards/Frog Pumps/frog_pumps_start.png,candidates/Pilates Assets/02_Exercise_Cards/Frog Pumps/frog_pumps_start.png,MINOR COLOR FIX,023676a06d9fd1d8a9d86f0aeb9cce86c273a6dbb7d3c7d48f570165a4387dcc,888f2bbb4215215c4415ea9149a7c907b4e93827dcee61bce1ca0b2489b06661,1536x1024,RGB,PNG,755,1143991,1143991,0,"[-1.188, 0.371, 0.991]","[-1.386, -0.748, 0.206]"
frog,frog:HERO,Pilates Assets/02_Exercise_Cards/Frog Pumps/frog_pumps_hero.png,candidates/Pilates Assets/02_Exercise_Cards/Frog Pumps/frog_pumps_hero.png,MINOR COLOR FIX,090e68ecf8fac3e93f863b40380749d9b76ca672bfa211f56240785cd6333c14,04a3e7d2eea42bda8f1c744361492de4d6f402d1d247e9944331e9282245ef42,1536x1024,RGB,PNG,700,1108582,1108582,0,"[-1.188, 0.491, 1.87]","[-1.386, -1.721, -0.823]"
clam,"clam:START,clam:END",Pilates Assets/02_Exercise_Cards/Clamshell/clamshell_start.png,candidates/Pilates Assets/02_Exercise_Cards/Clamshell/clamshell_start.png,STRONG COLOR FIX,3d4bfd626d4ce235c16e8eb451ad5e2106f183a5780c3bd0125f823c1ad6286d,0bdebc927fb7526eaae98f8710a1054c082f7382db2fdcaab3a0b11f88546603,1536x1024,RGB,PNG,777,1090933,1090933,0,"[-1.188, 0.27, 3.6]","[-1.386, -0.729, 3.317]"
clam,clam:HERO,Pilates Assets/02_Exercise_Cards/Clamshell/clamshell_hero.png,candidates/Pilates Assets/02_Exercise_Cards/Clamshell/clamshell_hero.png,STRONG COLOR FIX,e2f89da7cc6ca7884f4c619b275948fddb88f5fe08a57f658b25b8153c02394d,7a356b8a915ff2644a1b7ba33b071e012ad893b95eed97f3167111e3d39fd0cc,1536x1024,RGB,PNG,785,1076914,1076914,0,"[-1.188, 0.574, 3.6]","[-1.386, -0.548, 3.803]"
sideleg,"sideleg:START,sideleg:END",Pilates Assets/02_Exercise_Cards/Side Leg Lift/side_leg_start.png,candidates/Pilates Assets/02_Exercise_Cards/Side Leg Lift/side_leg_start.png,STRONG COLOR FIX,60ea5bf79aae4648610220d4e9e0efad417cb0eae065429b312b391372f39e09,0b54c7d7b1b0634b856cfaa9197bee6519fc7a5a8b3e31741bd91755708fb874,1536x1024,RGB,PNG,706,1107998,1107998,0,"[-1.188, 0.626, 3.6]","[-1.386, -0.326, 3.572]"
sideleg,sideleg:HERO,Pilates Assets/02_Exercise_Cards/Side Leg Lift/side_leg_lift_hero.png,candidates/Pilates Assets/02_Exercise_Cards/Side Leg Lift/side_leg_lift_hero.png,STRONG COLOR FIX,969a636fdc053566eeb979d91536545f0dd35d54acd67e24f09bca76b86b03c7,164536b1f27a97d3172dc8ab76ade7baea0abb4ab3bb46363ca9ecc0ce583e5f,1536x1024,RGB,PNG,788,1038739,1038739,0,"[-1.188, 0.409, 3.6]","[-1.386, -0.427, 3.896]"
sideplank,"sideplank:START,sideplank:END",Pilates Assets/02_Exercise_Cards/Side Plank/side_plank_start.png,candidates/Pilates Assets/02_Exercise_Cards/Side Plank/side_plank_start.png,STRONG COLOR FIX,67211c832812fde512f0847eb9a209d65aef918c411d269841204db87be7ba93,7e365031ec2ef8ece5d34db374eb6809e8b59adadfb79d899aacd250a37aac98,1536x1024,RGB,PNG,711,1001863,1001863,0,"[-1.188, 0.467, 2.571]","[-1.244, -3.078, -1.677]"
sideplank,sideplank:HERO,Pilates Assets/02_Exercise_Cards/Side Plank/side_plank_hero.png,candidates/Pilates Assets/02_Exercise_Cards/Side Plank/side_plank_hero.png,STRONG COLOR FIX,67d93f038db9c216bec4e1b0c7d7d9022d05a84c55e5efd2618e3e7577f8e9bb,b3df269013931730cac59af97ede3fa21fcd98f23b0e33cbb565e526b3e2845f,1536x1024,RGB,PNG,710,956362,956362,0,"[-1.188, 0.466, 2.219]","[-1.106, -3.129, -1.716]"
sideplank_reach,sideplank_reach:START,Pilates Assets/02_Exercise_Cards/Side Plank Reach/side_plank_reach_start.png,candidates/Pilates Assets/02_Exercise_Cards/Side Plank Reach/side_plank_reach_start.png,STRONG COLOR FIX,67d93f038db9c216bec4e1b0c7d7d9022d05a84c55e5efd2618e3e7577f8e9bb,b3df269013931730cac59af97ede3fa21fcd98f23b0e33cbb565e526b3e2845f,1536x1024,RGB,PNG,710,956362,956362,0,"[-1.188, 0.466, 2.219]","[-1.106, -3.129, -1.716]"
sideplank_reach,sideplank_reach:HERO,Pilates Assets/02_Exercise_Cards/Side Plank Reach/side_plank_reach_hero.png,candidates/Pilates Assets/02_Exercise_Cards/Side Plank Reach/side_plank_reach_hero.png,STRONG COLOR FIX,c00dae126a2115794506d9329c7f07ab834a84f6b4096e1f7fe4fcb9c2c6f2ff,b50196ca78a88dba782176341aec5d9520fc89207cde90a078b70b5366ba9f5e,1536x1024,RGB,PNG,732,1031858,1031858,0,"[-1.188, -0.349, 0.544]","[-0.177, -2.87, -2.399]"
sideplank_reach,sideplank_reach:END,Pilates Assets/02_Exercise_Cards/Side Plank Reach/side_plank_reach_end.png,candidates/Pilates Assets/02_Exercise_Cards/Side Plank Reach/side_plank_reach_end.png,STRONG COLOR FIX,ff89936718328350ab3491b3f86f258244a0bd21c02aca55f43e824ce2fdbf2b,7cea3bf05e78ed3c39253ddcaf6bbca1cf9340174833fc54fbec0ead293f0447,1536x1024,RGB,PNG,797,961105,961105,0,"[-1.188, 0.338, 2.58]","[0.021, -3.232, -3.266]"
deadbug,"deadbug:START,deadbug:END",Pilates Assets/02_Exercise_Cards/Dead Bug/dead_bug_start.png,candidates/Pilates Assets/02_Exercise_Cards/Dead Bug/dead_bug_start.png,STRONG COLOR FIX,762e5d77b7c74d59c54c256ece05809ab039c8b0ddfa2de38b899440b1559723,f226b7c994fa1c20f56fe813d0a500a026c1d358b8f5ebdda27e46e55687c0c1,1536x1024,RGB,PNG,797,1111316,1111316,0,"[-0.603, 0.223, 3.227]","[-0.583, -2.071, -0.473]"
deadbug,deadbug:HERO,Pilates Assets/02_Exercise_Cards/Dead Bug/dead_bug_hero.png,candidates/Pilates Assets/02_Exercise_Cards/Dead Bug/dead_bug_hero.png,STRONG COLOR FIX,a3881954b58d1a50671609516bd53f03c06bfb226cb95fa0ec055b9139b4aab6,0b2f7d9aef8f4e204fe4f64d646cbe53e029296cf50257b08c6428198069acb3,1536x1024,RGB,PNG,797,1069895,1069895,0,"[-0.225, 0.197, 3.6]","[-0.413, -2.214, 0.248]"
toetap,"toetap:START,toetap:END",Pilates Assets/02_Exercise_Cards/Toe Tap/toe_tap_start.png,candidates/Pilates Assets/02_Exercise_Cards/Toe Tap/toe_tap_start.png,MINOR COLOR FIX,18d1b5210a94236f9e630a64b48e3cc92d5c722e9eaa11123d82f4fb443a9f9c,3dfbe466e953e4cd6fb3f1191f1d3fd8a1b7b8865d5c5280fc59a083a1281848,1536x1024,RGB,PNG,762,1117609,1117609,0,"[-1.188, 0.255, 0.901]","[-1.386, -0.847, 0.672]"
toetap,toetap:HERO,Pilates Assets/02_Exercise_Cards/Toe Tap/toe_taps_hero.png,candidates/Pilates Assets/02_Exercise_Cards/Toe Tap/toe_taps_hero.png,MINOR COLOR FIX,9c7120aa490af2f0c94dd864e0d2de91d89533005af2af183b2475cfd43a585f,136bdc1cdf0a2f2d94e348f5e8bd7595462f00478c1cdb76a374ba53892bd72e,1536x1024,RGB,PNG,737,1082731,1082731,0,"[-1.188, 0.463, 2.477]","[-1.386, -1.234, 1.312]"
revcrunch,"revcrunch:START,revcrunch:END",Pilates Assets/02_Exercise_Cards/Reverse Crunch/reverse_crunch_start.png,candidates/Pilates Assets/02_Exercise_Cards/Reverse Crunch/reverse_crunch_start.png,MINOR COLOR FIX,18d1b5210a94236f9e630a64b48e3cc92d5c722e9eaa11123d82f4fb443a9f9c,3dfbe466e953e4cd6fb3f1191f1d3fd8a1b7b8865d5c5280fc59a083a1281848,1536x1024,RGB,PNG,762,1117609,1117609,0,"[-1.188, 0.255, 0.901]","[-1.386, -0.847, 0.672]"
revcrunch,revcrunch:HERO,Pilates Assets/02_Exercise_Cards/Reverse Crunch/reverse_crunch_hero.png,candidates/Pilates Assets/02_Exercise_Cards/Reverse Crunch/reverse_crunch_hero.png,MINOR COLOR FIX,49dfdd140c74aaaecff5e68768d4ecba9dcf00c68aee002f96698ab508a0a196,681a2c876a33263f67e702f9d0a94e13c6f2159cb57844d70c02e9520b6ae52d,1536x1024,RGB,PNG,735,1092313,1092313,0,"[-1.188, 0.245, 1.256]","[-1.386, -1.414, 0.595]"
bicycle,bicycle:START,Pilates Assets/02_Exercise_Cards/Bicycle Crunch/bicycle_crunch_start.png,candidates/Pilates Assets/02_Exercise_Cards/Bicycle Crunch/bicycle_crunch_start.png,MINOR COLOR FIX,703fed20ee7037aa72ffecaf30dd9086341363c05ebfd6e3b77dd3269f623a6b,d9a1ac5b6791d395c00bd48fc326fd83a13a5a71704d77be390f906fa41f0fbb,1536x1024,RGB,PNG,710,1086269,1086269,0,"[-1.188, 0.096, 2.309]","[-1.386, -1.93, -0.021]"
bicycle,bicycle:HERO,Pilates Assets/02_Exercise_Cards/Bicycle Crunch/bicycle_crunch_hero.png,candidates/Pilates Assets/02_Exercise_Cards/Bicycle Crunch/bicycle_crunch_hero.png,MINOR COLOR FIX,93889f84f6fa815714ceeb7c5e7281c69220a1f9b579342ca8c921ac2ce679c7,2fb1df04c98d3cde683eaab130f8f91c8b33133cdc63a6d7f82220a23933e0b5,1536x1024,RGB,PNG,736,1001307,1001307,0,"[-1.188, -0.152, 2.049]","[-0.79, -2.056, -2.131]"
bicycle,bicycle:END,Pilates Assets/02_Exercise_Cards/Bicycle Crunch/bicycle_crunch_end.png,candidates/Pilates Assets/02_Exercise_Cards/Bicycle Crunch/bicycle_crunch_end.png,MINOR COLOR FIX,ba012bcfae8d6aef2758d0ad42343ba5542f090d1abc0db3e104dd3a1b8d69da,0ef2435675ad9fb236e6e19c2a73c1feefab23455497dbf1ff871c9b61136362,1536x1024,RGB,PNG,771,1046068,1046068,0,"[-1.049, -0.25, 0.539]","[-0.547, -2.26, -2.166]"
catcow,catcow:START,Pilates Assets/02_Exercise_Cards/Cat-Cow/cat_cow_start.png,candidates/Pilates Assets/02_Exercise_Cards/Cat-Cow/cat_cow_start.png,MINOR COLOR FIX,9d4cded4f4f1bfd7fb286735f448f2dae60ff7864d183eb9429d541d58e95a2c,6b7f2d92c744f2ffea51b2b8624f52ff291165ec86498bb67fab3a0f6134a477,1536x1024,RGB,PNG,706,1033846,1033846,0,"[-1.188, -0.102, 1.52]","[-1.386, -0.627, 2.127]"
catcow,catcow:HERO,Pilates Assets/02_Exercise_Cards/Cat-Cow/cat_cow_hero.png,candidates/Pilates Assets/02_Exercise_Cards/Cat-Cow/cat_cow_hero.png,MINOR COLOR FIX,ec3b49e1e85abd125791ddce66aef8816350444cb56653d868572e5106b0beca,287e60d8c4355e73dbf2f68b985d8dbbd6844ddf2617f65c087bfbb586a58db4,1536x1024,RGB,PNG,745,1029575,1029575,0,"[-1.188, 0.118, 1.342]","[-1.386, -0.359, 2.365]"
catcow,catcow:END,Pilates Assets/02_Exercise_Cards/Cat-Cow/cat_cow_end.png,candidates/Pilates Assets/02_Exercise_Cards/Cat-Cow/cat_cow_end.png,MINOR COLOR FIX,0dd696918c9b8f14a3b376f8538bb3c105bad71341cfd3be7d122ddb22aba450,514ab0b8d41b0b9d14e83a36b02ca130caaa98a37d8d57efe111a235760c7edc,1536x1024,RGB,PNG,747,1032209,1032209,0,"[-1.188, -0.115, 1.608]","[-1.386, -0.884, 2.213]"
childs_pose,"childs_pose:START,childs_pose:END",Pilates Assets/02_Exercise_Cards/Child's Pose/childs_pose_start.png,candidates/Pilates Assets/02_Exercise_Cards/Child's Pose/childs_pose_start.png,MINOR COLOR FIX,9d4cded4f4f1bfd7fb286735f448f2dae60ff7864d183eb9429d541d58e95a2c,6b7f2d92c744f2ffea51b2b8624f52ff291165ec86498bb67fab3a0f6134a477,1536x1024,RGB,PNG,706,1033846,1033846,0,"[-1.188, -0.102, 1.52]","[-1.386, -0.627, 2.127]"
childs_pose,childs_pose:HERO,Pilates Assets/02_Exercise_Cards/Child's Pose/childs_pose_hero.png,candidates/Pilates Assets/02_Exercise_Cards/Child's Pose/childs_pose_hero.png,MINOR COLOR FIX,ee55f6610090227719b2f9c0724843fbce72c60d006274547b3cec232acf68b8,be0b2cf7192b37691131f353cc0306f6514cc5cfd3a7fd1f21ca5d05d27c3fd8,1536x1024,RGB,PNG,767,1121350,1121350,0,"[-1.188, 0.336, 2.225]","[-0.242, -1.903, -0.212]"
chest_opener,"chest_opener:START,chest_opener:END",Pilates Assets/02_Exercise_Cards/Chest Opener/chest_opener_start.png,candidates/Pilates Assets/02_Exercise_Cards/Chest Opener/chest_opener_start.png,MINOR COLOR FIX,ab5a7b2330678b5dbb3c52936b8b716c2842a5a10791bff6366765aa708690b4,05969e5f19a75946197c956c4beff003a544947f465e9847551031e04e8e06cb,1536x1024,RGB,PNG,699,1151257,1151257,0,"[-1.188, 0.366, 1.343]","[-1.144, -1.261, -0.501]"
chest_opener,chest_opener:HERO,Pilates Assets/02_Exercise_Cards/Chest Opener/chest_opener_hero.png,candidates/Pilates Assets/02_Exercise_Cards/Chest Opener/chest_opener_hero.png,MINOR COLOR FIX,4583691f3fd532642d0b592efaa480cc1d532e002ef807e9ba8053adc4032f1c,4d66ce08382d95db9d650bbde7e2cc3ae5f2fdb2a70db28cca5afd5076c053d1,1536x1024,RGB,PNG,699,1165128,1165128,0,"[-1.188, 0.242, 2.127]","[-1.386, -1.961, -0.284]"
bird,"bird:START,bird:END",Pilates Assets/02_Exercise_Cards/Bird Dog/bird_dog_start.png,candidates/Pilates Assets/02_Exercise_Cards/Bird Dog/bird_dog_start.png,MINOR COLOR FIX,9d4cded4f4f1bfd7fb286735f448f2dae60ff7864d183eb9429d541d58e95a2c,6b7f2d92c744f2ffea51b2b8624f52ff291165ec86498bb67fab3a0f6134a477,1536x1024,RGB,PNG,706,1033846,1033846,0,"[-1.188, -0.102, 1.52]","[-1.386, -0.627, 2.127]"
bird,bird:HERO,Pilates Assets/02_Exercise_Cards/Bird Dog/bird_dog_hero.png,candidates/Pilates Assets/02_Exercise_Cards/Bird Dog/bird_dog_hero.png,MINOR COLOR FIX,a445a260343c75e4ec31d5ef3d2a078a589a3086c7b1f4acbc724d5d8f7c667c,08c688edd158502a74c9d02f6b559cda2fb21a798743ceb3e0c35a3c37a82434,1536x1024,RGB,PNG,708,917287,917287,0,"[-1.188, -0.112, 1.611]","[-1.386, -0.785, 2.03]"
thread,"thread:START,thread:END",Pilates Assets/02_Exercise_Cards/Thread the Needle/thread_the_needle_start.png,candidates/Pilates Assets/02_Exercise_Cards/Thread the Needle/thread_the_needle_start.png,STRONG COLOR FIX,1c016660524ba45d2157d490e80636d94318b8bf1641f01d9a62702f79b9bff3,ff501d5a6c2d2fcb1163f589cfdb45076dc8bf17e0a571f479f34a94cf0f24d1,1536x1024,RGB,PNG,705,1157866,1157866,0,"[-1.188, 0.518, 3.426]","[-1.386, -0.036, 2.921]"
thread,thread:HERO,Pilates Assets/02_Exercise_Cards/Thread the Needle/thread_the_needle_hero.png,candidates/Pilates Assets/02_Exercise_Cards/Thread the Needle/thread_the_needle_hero.png,STRONG COLOR FIX,142d1c29a55895db840f870c54385cb789274ef1d9a104635119d5b915c894f1,5e96d3e86715ae51b34691f2901dd022b12255aa230a083c4b9b6e5c8ed90d4a,1536x1024,RGB,PNG,788,1157973,1157973,0,"[-1.188, 0.203, 2.833]","[-1.386, -0.039, 3.377]"
swimming,"swimming:START,swimming:END",Pilates Assets/02_Exercise_Cards/Swimming/swimming_start.png,candidates/Pilates Assets/02_Exercise_Cards/Swimming/swimming_start.png,STRONG COLOR FIX,cc490aa68dfb3d9c4aabd0a842032a4c3565ae17d1fbe4e86b815b97abe6fba7,6a81e78e169b061c467165943bb4de9b06d9d14ae4b6c7eceb173cfeb679563c,1536x1024,RGB,PNG,765,1197743,1197743,0,"[-1.188, 0.252, 1.951]","[-1.386, 0.319, 3.2]"
swimming,swimming:HERO,Pilates Assets/02_Exercise_Cards/Swimming/swimming_hero.png,candidates/Pilates Assets/02_Exercise_Cards/Swimming/swimming_hero.png,MINOR COLOR FIX,ecdca4c102578712bd9c50c200a12224ed8c5276f1df09e55735779e8f7dc04e,3f93f44e803fd683cdecf06dc33bcd2c694c848bd5bdb9cd37765d10012f1579,1536x1024,RGB,PNG,796,1176027,1176027,0,"[-1.188, 0.598, 2.649]","[-1.386, -0.433, 1.642]"
hip_march,"hip_march:START,hip_march:END",Pilates Assets/02_Exercise_Cards/Hip March/hip_march_start.png,candidates/Pilates Assets/02_Exercise_Cards/Hip March/hip_march_start.png,MINOR COLOR FIX,d3df1aee9e5fe5bbce102e0ec93d6bde186f2fc24ed4097ecce0babb9b8e4e3f,98086f3c601b535469aa6e227e269e84e50f7b57eb881e37a389dcfa069213d8,1536x1024,RGB,PNG,687,1112688,1112688,0,"[-1.188, 0.361, 2.119]","[-1.386, -2.188, -0.409]"
hip_march,hip_march:HERO,Pilates Assets/02_Exercise_Cards/Hip March/hip_march_hero.png,candidates/Pilates Assets/02_Exercise_Cards/Hip March/hip_march_hero.png,MINOR COLOR FIX,9a4488355a060b0105ed40e2b2d665ab3cedf332fde66b35ba12cce25f99fcbc,eda611586445c0489c7b5d563fb1373da2613729d1d748dcfb1e74e3a8f636b8,1536x1024,RGB,PNG,701,1044176,1044176,0,"[-1.188, 0.362, 2.042]","[-1.386, -2.053, -0.726]"
glute_bridge_march,"glute_bridge_march:START,glute_bridge_march:END",Pilates Assets/02_Exercise_Cards/Glute Bridge March/glute_bridge_march_start.png,candidates/Pilates Assets/02_Exercise_Cards/Glute Bridge March/glute_bridge_march_start.png,MINOR COLOR FIX,d3df1aee9e5fe5bbce102e0ec93d6bde186f2fc24ed4097ecce0babb9b8e4e3f,98086f3c601b535469aa6e227e269e84e50f7b57eb881e37a389dcfa069213d8,1536x1024,RGB,PNG,687,1112688,1112688,0,"[-1.188, 0.361, 2.119]","[-1.386, -2.188, -0.409]"
glute_bridge_march,glute_bridge_march:MID,Pilates Assets/02_Exercise_Cards/Glute Bridge March/glute_bridge_march_mid.png,candidates/Pilates Assets/02_Exercise_Cards/Glute Bridge March/glute_bridge_march_mid.png,MINOR COLOR FIX,055f549c5d818761806d0440267461420f4899e8876f5e0e1d5405ce2d90b156,f49f6a076b32ebfeae21bdd8bef9747f66939fc8e62a96c4db1e4cf2a9375a31,1536x1024,RGB,PNG,745,1067919,1067919,0,"[-1.188, 0.335, 2.564]","[-1.386, -1.744, -0.53]"
glute_bridge_march,glute_bridge_march:HERO,Pilates Assets/02_Exercise_Cards/Glute Bridge March/glute_bridge_march_hero.png,candidates/Pilates Assets/02_Exercise_Cards/Glute Bridge March/glute_bridge_march_hero.png,STRONG COLOR FIX,94026231a8f22ed70015f2bc10d1bd2c80d4b90683436560cf7e065388105a01,ea2d7fa752ea9ab113e51a05b83a577f58a370bdcd8dd3eb50a0be1b7d73dbc9,1536x1024,RGB,PNG,745,1040316,1040316,0,"[-1.188, 0.166, 3.6]","[-1.11, -2.623, -1.056]"
abduction,"abduction:START,abduction:END",Pilates Assets/02_Exercise_Cards/Bridge Abduction/bridge_abduction_start.png,candidates/Pilates Assets/02_Exercise_Cards/Bridge Abduction/bridge_abduction_start.png,MINOR COLOR FIX,055f549c5d818761806d0440267461420f4899e8876f5e0e1d5405ce2d90b156,f49f6a076b32ebfeae21bdd8bef9747f66939fc8e62a96c4db1e4cf2a9375a31,1536x1024,RGB,PNG,745,1067919,1067919,0,"[-1.188, 0.335, 2.564]","[-1.386, -1.744, -0.53]"
abduction,abduction:HERO,Pilates Assets/02_Exercise_Cards/Bridge Abduction/bridge_abduction_hero.png,candidates/Pilates Assets/02_Exercise_Cards/Bridge Abduction/bridge_abduction_hero.png,MINOR COLOR FIX,7a29dee229e52350f8e76016c443eaa266c0f0962748641eec6f6e1ea03d671b,f2c2dd816db60f83fc0e6d52480812174dc3f522954ec2b1e417013612f4322f,1536x1024,RGB,PNG,743,1063434,1063434,0,"[-1.188, 0.093, 2.951]","[-1.386, -2.17, -0.575]"
rainbow,rainbow:START,Pilates Assets/02_Exercise_Cards/Rainbow Leg Raise/rainbow_leg_raise_start.png,candidates/Pilates Assets/02_Exercise_Cards/Rainbow Leg Raise/rainbow_leg_raise_start.png,STRONG COLOR FIX,0dc80d144c0e2f4d5166a3856979b0cc5e6272827ae7b6d7bd987320374a233d,bf74192fe01b81aed6195cfd079027533390c4fec6bca034c413f3954ec28a54,1536x1024,RGB,PNG,796,1080158,1080158,0,"[-1.188, 0.551, 3.6]","[-1.386, -0.231, 2.828]"
rainbow,rainbow:HERO,Pilates Assets/02_Exercise_Cards/Rainbow Leg Raise/rainbow_leg_raise_hero.png,candidates/Pilates Assets/02_Exercise_Cards/Rainbow Leg Raise/rainbow_leg_raise_hero.png,STRONG COLOR FIX,10ae2d347b82fa619c4e62fc20f27fdb8ab9cb45de1ded557a0283d89c2612b2,37143ee3c1ac5f32741c20fe56dcfe276cfe3898503070e8da86899e1fda914e,1536x1024,RGB,PNG,710,1077628,1077628,0,"[-1.188, 0.344, 3.6]","[-1.386, -0.054, 3.644]"
rainbow,rainbow:END,Pilates Assets/02_Exercise_Cards/Rainbow Leg Raise/rainbow_leg_raise_end.png,candidates/Pilates Assets/02_Exercise_Cards/Rainbow Leg Raise/rainbow_leg_raise_end.png,MINOR COLOR FIX,f8fb1eee99d1154d7114b25b50922279593991c820f7ea7025818353f326af37,ef1b56817b97553991e1b324628b9a7811680bbeede1f536e1b52d4131820e11,1536x1024,RGB,PNG,797,1102100,1102100,0,"[-1.188, 0.45, 2.637]","[-1.386, -0.359, 1.909]"
hamstring_supine,"hamstring_supine:START,hamstring_supine:END",Pilates Assets/02_Exercise_Cards/Hamstring Stretch/hamstring_stretch_start.png,candidates/Pilates Assets/02_Exercise_Cards/Hamstring Stretch/hamstring_stretch_start.png,MINOR COLOR FIX,78992b6ba84722d70274f22b88d5114d796c54ee08ff80af0cf873562c394a25,fd93aa988f320ed07966f0d1307288203f79e66de8adcc5c3b32a7e1a423074d,1536x1024,RGB,PNG,760,1074343,1074343,0,"[-1.188, 0.505, 1.774]","[-1.386, -1.13, -0.346]"
hamstring_supine,hamstring_supine:HERO,Pilates Assets/02_Exercise_Cards/Hamstring Stretch/hamstring_stretch_hero.png,candidates/Pilates Assets/02_Exercise_Cards/Hamstring Stretch/hamstring_stretch_hero.png,MINOR COLOR FIX,9a3d7e113af68b8ebcada69a69003149e889ead21d9ac551cb4a4d3d8b04f621,0cc6b272a16404ffce5f1107631c738b3fb5cd9b2a7f5286d680d1ceae395bf7,1536x1024,RGB,PNG,756,1085590,1085590,0,"[-1.188, 0.5, 0.991]","[-1.386, -1.133, -1.263]"
figure_four,"figure_four:START,figure_four:END",Pilates Assets/02_Exercise_Cards/Figure Four Stretch/figure_four_stretch_start.png,candidates/Pilates Assets/02_Exercise_Cards/Figure Four Stretch/figure_four_stretch_start.png,MINOR COLOR FIX,d3df1aee9e5fe5bbce102e0ec93d6bde186f2fc24ed4097ecce0babb9b8e4e3f,98086f3c601b535469aa6e227e269e84e50f7b57eb881e37a389dcfa069213d8,1536x1024,RGB,PNG,687,1112688,1112688,0,"[-1.188, 0.361, 2.119]","[-1.386, -2.188, -0.409]"
figure_four,figure_four:MID,Pilates Assets/02_Exercise_Cards/Figure Four Stretch/figure_four_stretch_mid.png,candidates/Pilates Assets/02_Exercise_Cards/Figure Four Stretch/figure_four_stretch_mid.png,STRONG COLOR FIX,73ee9bed7ac1ace90b06aefc6090269feb417c48a33bf93b6d3ca73bc5fa4232,de90b2a1886053e5b2c133620a242292f6625b4a844b40b3b915aae4bad1e40b,1536x1024,RGB,PNG,750,1057884,1057884,0,"[-1.188, 0.205, 3.295]","[-1.386, -2.415, -0.508]"
figure_four,figure_four:HERO,Pilates Assets/02_Exercise_Cards/Figure Four Stretch/figure_four_stretch_hero.png,candidates/Pilates Assets/02_Exercise_Cards/Figure Four Stretch/figure_four_stretch_hero.png,STRONG COLOR FIX,e29b8c233232061bfb013ef7d74e67e5f06ddbb963d795e5f2628c9818c6002e,7f8b9040737a01a3dd7f62458447d90d940ac481921739fa3eedb3f675cc6145,1536x1024,RGB,PNG,745,1022905,1022905,0,"[-1.188, 0.379, 3.6]","[-1.386, -3.088, 0.312]"
row,"row:START,row:END",Pilates Assets/02_Exercise_Cards/Bent Over Row/bent_over_row_start.png,candidates/Pilates Assets/02_Exercise_Cards/Bent Over Row/bent_over_row_start.png,STRONG COLOR FIX,5dddb88e5a44582b1d6c09610b7da0cf9e88a1f88bd42aa12377c24d725116b6,c95deaf71a6dc98d09d95b874fd061e613c64e5f5e6c00b2b359d1acb20a0042,1536x1024,RGB,PNG,693,1164114,1164114,0,"[-1.188, 0.097, 3.6]","[-1.386, -1.114, 3.949]"
row,row:HERO,Pilates Assets/02_Exercise_Cards/Bent Over Row/bent_over_row_hero.png,candidates/Pilates Assets/02_Exercise_Cards/Bent Over Row/bent_over_row_hero.png,STRONG COLOR FIX,0547bcc9e6a67942a390aecdf269ab109eba137b062780a6da508d46585b8f13,78deac675660833cbff5b4d2589d78b1f69998981281cdae5e4b4f0d238bcbf7,1536x1024,RGB,PNG,693,1175109,1175109,0,"[-1.188, 0.096, 3.6]","[-1.386, -1.048, 4.055]"
press,"press:START,press:END",Pilates Assets/02_Exercise_Cards/Shoulder Press/shoulder_press_start.png,candidates/Pilates Assets/02_Exercise_Cards/Shoulder Press/shoulder_press_start.png,STRONG COLOR FIX,59a882d0f9ed8ea5d4f3be7b28c2bd902479c0d0ebf7b756a1c5b848f59a61a1,da8ff41a8543ddeefce61a838c6ba7a1f9cc0a2927b7818f1b97f0c6f75c241a,1536x1024,RGB,PNG,712,1158870,1158870,0,"[-1.188, 0.4, 3.6]","[-1.386, -0.728, 2.79]"
press,press:HERO,Pilates Assets/02_Exercise_Cards/Shoulder Press/shoulder_press_hero.png,candidates/Pilates Assets/02_Exercise_Cards/Shoulder Press/shoulder_press_hero.png,STRONG COLOR FIX,61868521dc755c187a2e1c33ab1448ac392d97744699addd5cb58a41116211a4,456c2140348e7d6a99b42a40c7a772c2047503212897cc3d9d5ad52d9cb8ac8e,1536x1024,RGB,PNG,713,1167879,1167879,0,"[-1.188, 0.294, 3.6]","[-1.386, -0.888, 2.383]"
raise,"raise:START,raise:END",Pilates Assets/02_Exercise_Cards/Lateral Raise/lateral_raise_start.png,candidates/Pilates Assets/02_Exercise_Cards/Lateral Raise/lateral_raise_start.png,STRONG COLOR FIX,cdea7778ad8e2f2361119525ad5248701b3d55e91cec023a18300dc20a4d7841,dd7d56653c2f13224260105eaa0aaf93311999f19c4dccd948c873d4dbca3625,1536x1024,RGB,PNG,723,997552,997552,0,"[-1.188, 0.471, 3.6]","[-1.386, -3.432, -0.781]"
raise,raise:HERO,Pilates Assets/02_Exercise_Cards/Lateral Raise/lateral_raise_hero.png,candidates/Pilates Assets/02_Exercise_Cards/Lateral Raise/lateral_raise_hero.png,STRONG COLOR FIX,a12091fb4533d8b5ca8e170c2a108b5032aa27ed1fb38a1f12ae085a38bbcc89,9340ad6cf7fcd3d8064244bd0f589dcf4959ba07d8f3bcda99f82ee33048185a,1536x1024,RGB,PNG,716,1023603,1023603,0,"[-1.188, 0.389, 3.6]","[-1.386, -3.452, -0.825]"
heeltaps,"heeltaps:START,heeltaps:END",Pilates Assets/02_Exercise_Cards/Heel Taps/heel_taps_start.png,candidates/Pilates Assets/02_Exercise_Cards/Heel Taps/heel_taps_start.png,MINOR COLOR FIX,b570f9e7df3323670d679dbdac97864b80a450dc608e57577da1b2374f40a6dc,016530d921978ab6bc0e5feefbbc9cade5f7696ba61726e14cbb32988453e16a,1536x1024,RGB,PNG,737,1086165,1086153,0,"[-1.188, 0.614, 1.515]","[-0.068, -1.138, -0.802]"
heeltaps,heeltaps:HERO,Pilates Assets/02_Exercise_Cards/Heel Taps/heel_taps_hero.png,candidates/Pilates Assets/02_Exercise_Cards/Heel Taps/heel_taps_hero.png,MINOR COLOR FIX,919dfa2c6288fc59040a70d94657ef359548669b057a86b68aa1b898daeea085,fb5351961e579c6dcac09749a84372401c4505097b2c45bede061b95a7ef7b98,1536x1024,RGB,PNG,735,1065624,1065574,0,"[-1.188, 0.594, 2.301]","[-0.028, -0.822, 0.412]"
standing_oblique,standing_oblique:START,Pilates Assets/02_Exercise_Cards/Standing Oblique Crunch/standing_oblique_crunch_start.png,candidates/Pilates Assets/02_Exercise_Cards/Standing Oblique Crunch/standing_oblique_crunch_start.png,STRONG COLOR FIX,181d2519da5f3b8fb2a3a5575ff84622eda9faeebd113770624e851d6d34132e,522b62989d49391992a96cf9624a8fcb5c0b126be4e706f7e0d192a5bd0a4d18,1536x1024,RGB,PNG,691,994440,994440,0,"[-1.188, 0.39, 3.6]","[-0.803, -0.544, 3.139]"
standing_oblique,standing_oblique:HERO,Pilates Assets/02_Exercise_Cards/Standing Oblique Crunch/standing_oblique_crunch_hero.png,candidates/Pilates Assets/02_Exercise_Cards/Standing Oblique Crunch/standing_oblique_crunch_hero.png,STRONG COLOR FIX,ae3ad87ed6a51ebc4ae3bfb6e22ed0cf1ba58a81c773598c55edbc67172a696b,3dce2d49d317b8303c822a8dd3c3c36494a3daa4456d52dc844cab47b4f15ad0,1536x1024,RGB,PNG,699,1124475,1124475,0,"[-1.188, 0.492, 3.6]","[-1.232, 0.536, 2.725]"
standing_oblique,standing_oblique:END,Pilates Assets/02_Exercise_Cards/Standing Oblique Crunch/standing_oblique_crunch_end.png,candidates/Pilates Assets/02_Exercise_Cards/Standing Oblique Crunch/standing_oblique_crunch_end.png,STRONG COLOR FIX,a05ef0cff713802ba8553a83e0dbefb18b6e626cd4ad28a0ff816bd25888a043,b883e59110000b6178daa28870ceaabda8ddf337a74bd1a9e7b2c29413418d3d,1536x1024,RGB,PNG,710,1120673,1120673,0,"[-1.188, 0.478, 3.6]","[-1.28, -0.58, 2.034]"
standing_side_bend,standing_side_bend:START,Pilates Assets/02_Exercise_Cards/Standing Side Bend/standing_side_bend_start.png,candidates/Pilates Assets/02_Exercise_Cards/Standing Side Bend/standing_side_bend_start.png,STRONG COLOR FIX,e4157f9e392e7768e946132f7ee3c44174bfe9ac93789662896e8304c5f485e9,3d3e84577aebb8b28717cc2346eae4273a909dcd0c8ffac993d45a1d3ed7b463,1536x1024,RGB,PNG,707,1107083,1107083,0,"[-1.188, 0.384, 3.6]","[-0.112, -2.555, 1.632]"
standing_side_bend,standing_side_bend:HERO,Pilates Assets/02_Exercise_Cards/Standing Side Bend/standing_side_bend_hero.png,candidates/Pilates Assets/02_Exercise_Cards/Standing Side Bend/standing_side_bend_hero.png,STRONG COLOR FIX,0213f3ccf124353f1d5f79a461d2274808b196b8c89fc85f89d2f27975f74ac2,bd3c2a9d4399297e7dc1b1ceb35f4f1031f6e9acbabd5576f42e8531c4fd4ece,1536x1024,RGB,PNG,712,1060714,1060709,0,"[-1.188, 0.676, 3.6]","[0.207, -3.024, 1.31]"
standing_side_bend,standing_side_bend:END,Pilates Assets/02_Exercise_Cards/Standing Side Bend/standing_side_bend_end.png,candidates/Pilates Assets/02_Exercise_Cards/Standing Side Bend/standing_side_bend_end.png,STRONG COLOR FIX,fcd885d2a07a8c545ed71ae199a0127d015486743952d1339d111834e7d90da7,d4d8e3bafe6f7010d2db0b2743044b30e45f3f34a7b5a8ed0f7225a8814ef0f7,1536x1024,RGB,PNG,711,1129337,1129333,0,"[-1.188, 0.542, 3.6]","[0.387, -2.542, 0.815]"
sidekick,sidekick:START,Pilates Assets/02_Exercise_Cards/Side Kick/side_kick_start.png,candidates/Pilates Assets/02_Exercise_Cards/Side Kick/side_kick_start.png,STRONG COLOR FIX,10373503c0f003e51861ff18c3d68f3901d34bfaed58dcd552f13a46bc6a7ddd,2aa06ed4a92341221e9883cd47ffee2951d31e6ed7c8d5c3f3f5ef7086439f36,1536x1024,RGB,PNG,790,1023634,1023634,0,"[-1.188, 0.207, 3.291]","[-1.386, -2.568, -1.295]"
sidekick,sidekick:HERO,Pilates Assets/02_Exercise_Cards/Side Kick/side_kick_hero.png,candidates/Pilates Assets/02_Exercise_Cards/Side Kick/side_kick_hero.png,STRONG COLOR FIX,5383fcc28f67ae395e38bd585ab5b3b708534fe0c07425e65aa99ddc4c41cb9a,6670788b571165062cdaaf5830b763b0f23c7ce6e7755a8618868673e6e695e8,1536x1024,RGB,PNG,787,914088,914088,0,"[-1.188, 0.28, 3.6]","[-1.386, -2.951, 0.31]"
sidekick,sidekick:END,Pilates Assets/02_Exercise_Cards/Side Kick/side_kick_end.png,candidates/Pilates Assets/02_Exercise_Cards/Side Kick/side_kick_end.png,STRONG COLOR FIX,94264392b9293e7295d08a5a373221ff4ac90bcce0737b598af313b91bebdbbb,2a474bd4e3cf7dd7dbb53be946acc3d6d0d6a50c8416accb837ae01cc417aaa8,1536x1024,RGB,PNG,787,833233,833233,0,"[-1.188, 0.385, 3.6]","[-1.386, -3.587, 0.486]"
dumbbell_pullover,"dumbbell_pullover:START,dumbbell_pullover:END",Pilates Assets/02_Exercise_Cards/Dumbbell Pullover/Dumbbell Pullover start.png,candidates/Pilates Assets/02_Exercise_Cards/Dumbbell Pullover/Dumbbell Pullover start.png,STRONG COLOR FIX,163d1e5334266ff63776782f0de71f2d0a2ece8c017fb7d79ec191efd1d835d2,a46e6697acc8a7890d17a3c8480380c453b65320704750dac990c438b1123c57,1536x1024,RGB,PNG,792,1076650,1076650,0,"[-1.188, 1.16, 3.6]","[-1.386, -2.446, -1.619]"
dumbbell_pullover,dumbbell_pullover:HERO,Pilates Assets/02_Exercise_Cards/Dumbbell Pullover/Dumbbell Pullover hero.png,candidates/Pilates Assets/02_Exercise_Cards/Dumbbell Pullover/Dumbbell Pullover hero.png,STRONG COLOR FIX,d02df1c380d2a7d8b68050e1992437e7ec2439604e2bae87a459611c5d698cc9,b336db96813bc6187b16e2c6eb537fca93b01992cbd7f32589a7bdc393ca63d0,1536x1024,RGB,PNG,790,1083068,1083068,0,"[-1.188, 0.894, 3.6]","[-1.386, -1.934, -1.201]"
russian,"russian:START,russian:END",Pilates Assets/02_Exercise_Cards/Russian Twist/russian_twist_start.png,candidates/Pilates Assets/02_Exercise_Cards/Russian Twist/russian_twist_start.png,STRONG COLOR FIX,b0543e42a4ec238fff35c2105c8b84fb88545c5a5645740ed4d5c52ccf2748aa,3d92c7e12eab0e5d45477edf1fdf7fe6837e44aa155029260a8d0dcf6bf8ae78,1536x1024,RGB,PNG,726,1111095,1111095,0,"[-1.188, 0.401, 3.461]","[-0.863, -2.329, 0.57]"
russian,russian:HERO,Pilates Assets/02_Exercise_Cards/Russian Twist/russian_twist_hero.png,candidates/Pilates Assets/02_Exercise_Cards/Russian Twist/russian_twist_hero.png,STRONG COLOR FIX,6f644bf823e9f5d99a6b1707b9e90ffcfd978b87478ad83f488b84f49b4b035e,0bdaf3e735dfaa68ae6c8285414771cd26d95f1b7f394d25019e390ba69c2c2e,1536x1024,RGB,PNG,754,1051638,1051638,0,"[-1.163, 0.245, 3.6]","[-0.573, -3.029, 0.828]"
scissors,"scissors:START,scissors:END",Pilates Assets/02_Exercise_Cards/Scissors/scissors_start.png,candidates/Pilates Assets/02_Exercise_Cards/Scissors/scissors_start.png,STRONG COLOR FIX,148e35da57bb9d998aedf38bdbc33f0567b50f39a9ba67f8dc426f89b5cb99ce,bde7b721456b5388b470aac68d6a4bf5706b81889a132035ad3f543340c0f780,1536x1024,RGB,PNG,750,1143586,1143586,0,"[-1.188, 0.689, 3.421]","[-1.386, -1.285, 0.896]"
scissors,scissors:MID,Pilates Assets/02_Exercise_Cards/Scissors/scissors_mid.png,candidates/Pilates Assets/02_Exercise_Cards/Scissors/scissors_mid.png,MINOR COLOR FIX,d2ba8031043856a4f33303a2d0ff4e3321052df8975c4ff15ae8da39936d5577,1eeda8a1918e31779eee200bcd24a91b21e1db5eba65fba8ef9c545594e2fedb,1536x1024,RGB,PNG,761,1082367,1082367,0,"[-1.188, -0.031, 2.405]","[-0.707, -1.94, 0.967]"
scissors,scissors:HERO,Pilates Assets/02_Exercise_Cards/Scissors/scissors_hero.png,candidates/Pilates Assets/02_Exercise_Cards/Scissors/scissors_hero.png,MINOR COLOR FIX,057fc14e74f4aaa37920227465ef95d766a8f9c3c97647bc3aa4d6da20e34945,b88316983fbddfaca9745505af0e99782aa6f1e61a44cf258f83005c47c5fddb,1536x1024,RGB,PNG,762,1087417,1087417,0,"[-1.129, -0.146, 1.168]","[-0.803, -1.584, 1.205]"
hollow,"hollow:START,hollow:END",Pilates Assets/02_Exercise_Cards/Hollow Hold/hollow_hold_start.png,candidates/Pilates Assets/02_Exercise_Cards/Hollow Hold/hollow_hold_start.png,MINOR COLOR FIX,d3df1aee9e5fe5bbce102e0ec93d6bde186f2fc24ed4097ecce0babb9b8e4e3f,98086f3c601b535469aa6e227e269e84e50f7b57eb881e37a389dcfa069213d8,1536x1024,RGB,PNG,687,1112688,1112688,0,"[-1.188, 0.361, 2.119]","[-1.386, -2.188, -0.409]"
hollow,hollow:HERO,Pilates Assets/02_Exercise_Cards/Hollow Hold/hollow_hold_hero.png,candidates/Pilates Assets/02_Exercise_Cards/Hollow Hold/hollow_hold_hero.png,STRONG COLOR FIX,29e2746374a8c5e57b13dbb423e13f4050e3cd901c54c97904aa8016d38bae74,b51a6005a93475558dd70694f173e2283ac91be2bbc779412f8fc3a99ea94052,1536x1024,RGB,PNG,770,1099292,1099292,0,"[-1.188, 0.657, 3.49]","[-1.386, -1.621, -0.442]"
hundred,"hundred:START,hundred:END",Pilates Assets/02_Exercise_Cards/The Hundred/hundred_start.png,candidates/Pilates Assets/02_Exercise_Cards/The Hundred/hundred_start.png,MINOR COLOR FIX,5903945a4aa216bc287b94c19ed23a235024c3a8618c3539fdcddd49ce6efc8d,090fc8753532a6ccf42138955949af1c2a230886a75b0b29991a08ae0b4e0db7,1536x1024,RGB,PNG,789,1185683,1185683,0,"[-1.188, 0.192, 2.764]","[-1.386, -0.638, 2.096]"
hundred,hundred:HERO,Pilates Assets/02_Exercise_Cards/The Hundred/hundred_hero.png,candidates/Pilates Assets/02_Exercise_Cards/The Hundred/hundred_hero.png,MINOR COLOR FIX,ad6673a96acdb003149ec41046866c6d6ac2e4b2a13cd17609a06e6575db99f7,da7fcbfaaec723a7c3b6d47541d7a803e7a5cbdf06bcfd07c41214b30784ca04,1536x1024,RGB,PNG,751,1117466,1117466,0,"[-1.008, -0.134, 1.618]","[-1.386, -2.519, 0.53]"
inner_thigh,"inner_thigh:START,inner_thigh:END",Pilates Assets/02_Exercise_Cards/Inner Thigh Lift/inner_thigh_lift_start.png,candidates/Pilates Assets/02_Exercise_Cards/Inner Thigh Lift/inner_thigh_lift_start.png,STRONG COLOR FIX,55ccc1c62e43d3bde2f026b43d55421255b484197f2bcefffc16917d43641d1b,6315672553c5f2f4e35ced43b198ba8e5fbf066da3bc246525a3cb1c822c9658,1536x1024,RGB,PNG,703,1167630,1167630,0,"[-1.188, 0.431, 3.6]","[-1.386, -0.488, 1.524]"
inner_thigh,inner_thigh:HERO,Pilates Assets/02_Exercise_Cards/Inner Thigh Lift/inner_thigh_lift_hero.png,candidates/Pilates Assets/02_Exercise_Cards/Inner Thigh Lift/inner_thigh_lift_hero.png,STRONG COLOR FIX,891258b48fb755324382b8bdda7596af1114c7cc71a6626e9378fd24e877f0ce,d8f616649b95eddadea6af7497b8832bf098146b079bd4aa6fd61e6179805a50,1536x1024,RGB,PNG,773,1106438,1106438,0,"[-1.188, 0.67, 3.6]","[-1.386, -2.028, -1.229]"
legraises,"legraises:START,legraises:END",Pilates Assets/02_Exercise_Cards/Leg Raises/leg_raises_start.png,candidates/Pilates Assets/02_Exercise_Cards/Leg Raises/leg_raises_start.png,MINOR COLOR FIX,65921706ad2ba918f267d94ba8fbd23dda86a95bfb69dfbb8d61afd91f10db17,db89acf44af86c210405b8a96f361270532bf19835bbdda53abd1cbd4dbeada9,1536x1024,RGB,PNG,530,1135085,1135085,0,"[0.492, -0.118, 1.783]","[0.752, -2.075, -1.506]"
legraises,legraises:HERO,Pilates Assets/02_Exercise_Cards/Leg Raises/leg_raises_hero.png,candidates/Pilates Assets/02_Exercise_Cards/Leg Raises/leg_raises_hero.png,STRONG COLOR FIX,54ce8c27f958f5b983693602ad0862510478939eda7091e015870e44f0060e93,79549f186e8e078c13e077da582eb674fb8c511709c5f23406e97d765a273482,1536x1024,RGB,PNG,764,1075589,1075589,0,"[0.174, -0.017, 1.8]","[-0.622, -2.634, -2.402]"
spine,"spine:START,spine:END",Pilates Assets/02_Exercise_Cards/Spine Stretch/spine_stretch_start.png,candidates/Pilates Assets/02_Exercise_Cards/Spine Stretch/spine_stretch_start.png,MINOR COLOR FIX,6a431021c45bce007f9946fc2919d4037118d04c23f010d0e822c789ff7ef382,ffbcac7177ca1ee81ec94e26a01adc7fb779c4da4cb167a0ba1a43a59410e72e,1536x1024,RGB,PNG,736,1122713,1122713,0,"[-1.188, 0.598, 1.427]","[-1.386, -0.753, 0.272]"
spine,spine:HERO,Pilates Assets/02_Exercise_Cards/Spine Stretch/spine_stretch_hero.png,candidates/Pilates Assets/02_Exercise_Cards/Spine Stretch/spine_stretch_hero.png,MINOR COLOR FIX,06531ea5e2c3796a4cacde7c400a1c7ee5b08b199ec465500a5076b664cdc418,7b9c79a261b6b1a52f87f536b0396672e4065fa10f3b45b32cc29b3e9d2dfcc9,1536x1024,RGB,PNG,716,1081608,1081608,0,"[-1.188, 0.489, 1.778]","[-1.386, -0.871, -0.077]"
sphinx,"sphinx:START,sphinx:HERO,sphinx:END",Pilates Assets/02_Exercise_Cards/Sphinx Stretch/sphinx_stretch_start.png,candidates/Pilates Assets/02_Exercise_Cards/Sphinx Stretch/sphinx_stretch_start.png,STRONG COLOR FIX,fcad29f8c657327a9d11e7d2ddb48e6bc9dcec540ac88a871b07f961f0e17f98,b24df722a53a3ae2825d6b7353848e4faaf47e97e28c88d5b47e50ffe014c7b0,1536x1024,RGB,PNG,768,1177421,1177421,0,"[-1.188, 0.223, 3.008]","[-1.386, -1.705, -1.121]"
mermaid,"mermaid:START,mermaid:END",Pilates Assets/02_Exercise_Cards/Mermaid Stretch/mermaid_stretch_start.png,candidates/Pilates Assets/02_Exercise_Cards/Mermaid Stretch/mermaid_stretch_start.png,STRONG COLOR FIX,a50e74bad93c001e36745d581b86ee8f30b472de9b2492d71d560b7039e8c6b8,baacb08e608c333c3f4671774e14bfd8ee9a2acedb9fa078236818fcc35a9abe,1536x1024,RGB,PNG,730,1108095,1108095,0,"[-1.188, 0.814, 3.6]","[-1.386, -2.684, -0.326]"
mermaid,mermaid:HERO,Pilates Assets/02_Exercise_Cards/Mermaid Stretch/mermaid_stretch_hero.png,candidates/Pilates Assets/02_Exercise_Cards/Mermaid Stretch/mermaid_stretch_hero.png,STRONG COLOR FIX,2b17e9886867050df3ae96883004f47198e7d507f43da017720faa3e327b2da8,1fc7556e85e771accd4726d3229e301721c099613178aa624950c27a6eeebe38,1536x1024,RGB,PNG,758,1084008,1084008,0,"[-1.188, 0.412, 3.6]","[-1.386, -2.948, -0.617]"
plie,"plie:START,plie:END",Pilates Assets/02_Exercise_Cards/Plie Squat/plie_squat_start.png,candidates/Pilates Assets/02_Exercise_Cards/Plie Squat/plie_squat_start.png,STRONG COLOR FIX,1c1d88cbc0e7f614237f275473b450fbc3454c234c9b334a9b9b3f327ea6712c,c1d9a8f033c329c996335094dffceaaa10c5febbb0cd7afed8775ef8814522d6,1536x1024,RGB,PNG,641,1117721,1117721,0,"[-1.188, 0.529, 3.6]","[-0.216, -2.295, -1.212]"
plie,plie:HERO,Pilates Assets/02_Exercise_Cards/Plie Squat/plie_squat_hero.png,candidates/Pilates Assets/02_Exercise_Cards/Plie Squat/plie_squat_hero.png,STRONG COLOR FIX,bcbc35a23b2b5f2a3f06ed400f2157a28101446b822808409fc038f6476244ca,1dba0fffecd3a2bab63c51b58a4163de9fea7c9f499f35faaad1700bb096abdc,1536x1024,RGB,PNG,648,1089829,1089829,0,"[-1.188, 0.479, 3.6]","[-0.778, -3.183, -1.141]"
rollup,"rollup:START,rollup:END",Pilates Assets/02_Exercise_Cards/Roll Up/roll_up_start.png,candidates/Pilates Assets/02_Exercise_Cards/Roll Up/roll_up_start.png,STRONG COLOR FIX,c887c1042757f6f37f76cdebd982182f70e015931659bb5df860433a5f402e0b,b9add18f612f443a7ada5155d5c5cdafd5c7217e970ed69a6c5c825300286dd4,1536x1024,RGB,PNG,753,1121945,1121945,0,"[-0.827, 0.123, 3.6]","[-0.869, -3.259, -3.082]"
rollup,rollup:HERO,Pilates Assets/02_Exercise_Cards/Roll Up/roll_up_hero.png,candidates/Pilates Assets/02_Exercise_Cards/Roll Up/roll_up_hero.png,STRONG COLOR FIX,feb6de94738905d116caa668476f6885ef2bc46274afae7e201f0d3946e5a552,ac8704080942c96719e37ac3b0d0369d06b39069fce4ea198c78336183d13252,1536x1024,RGB,PNG,715,1085693,1085693,0,"[-1.188, 0.689, 2.984]","[-1.386, -2.443, -2.239]"
plank,"plank:START,plank:HERO,plank:END",Pilates Assets/02_Exercise_Cards/Forearm Plank/forearm_plank_start.png,candidates/Pilates Assets/02_Exercise_Cards/Forearm Plank/forearm_plank_start.png,STRONG COLOR FIX,c6978e701cfaf76dab7111aab8d70370380a8c7bba853296861352a820127c68,2b667ce96a6a780f13267c2e1b069f3dec07abfc739253e7daf99ba522f9824f,1536x1024,RGB,PNG,728,1053897,1053897,0,"[-1.188, 0.679, 2.738]","[-1.174, -2.384, -1.876]"
tap,"tap:START,tap:END",Pilates Assets/02_Exercise_Cards/Plank Shoulder Taps/plank_shoulder_taps_start.png,candidates/Pilates Assets/02_Exercise_Cards/Plank Shoulder Taps/plank_shoulder_taps_start.png,STRONG COLOR FIX,c5f9a762ef4701fd1bad7588d283d79729769738e53bc3c7d11854d594a71398,0f32f3bdf9c0f60a04f4ebfe09c4afecfdf9d036aca733d0ecaeb3dacf6ed928,1536x1024,RGB,PNG,726,970411,970411,0,"[-1.188, 0.951, 3.6]","[-1.062, -2.481, -0.907]"
tap,tap:HERO,Pilates Assets/02_Exercise_Cards/Plank Shoulder Taps/plank_shoulder_taps_hero.png,candidates/Pilates Assets/02_Exercise_Cards/Plank Shoulder Taps/plank_shoulder_taps_hero.png,STRONG COLOR FIX,fd7e4948f6a0f597388f87c146cb76b41b26025ce7ee25aba1d00fa8b55e7528,5143003d2ef33e6279ba7882d0af40b7bbc7c35b8566d868ea11548c70d844fd,1536x1024,RGB,PNG,725,955912,955912,0,"[-1.188, 0.718, 3.6]","[-0.984, -2.718, -0.941]"
supine_twist,"supine_twist:START,supine_twist:END",Pilates Assets/02_Exercise_Cards/Supine Twist/supine_twist_start.png,candidates/Pilates Assets/02_Exercise_Cards/Supine Twist/supine_twist_start.png,STRONG COLOR FIX,db17aba43cf58d302f14f713dec7c87024568be7950b0821c4ec34ebc94b9699,00fc9dfd65356ee8c2c457026d40a4dfceeacdd67a6cd8946fab17ff1aab3c3e,1536x1024,RGB,PNG,546,1171245,1171245,0,"[-1.188, 0.48, 3.6]","[-1.386, -1.17, 2.47]"
supine_twist,supine_twist:HERO,Pilates Assets/02_Exercise_Cards/Supine Twist/supine_twist_hero.png,candidates/Pilates Assets/02_Exercise_Cards/Supine Twist/supine_twist_hero.png,STRONG COLOR FIX,a796111e9494d8050670e9f1a38117f0a1caed0c4b85d92b3ba765d0bf468dfe,2c54fda44aa2ec2284a336c3a3effc6459a944f8019f89da8c860a4fdd3fd67b,1536x1024,RGB,PNG,541,1179539,1179539,0,"[-1.188, 0.351, 3.6]","[-1.386, -1.5, 2.779]"
knee_pushup,"knee_pushup:START,knee_pushup:END",Pilates Assets/02_Exercise_Cards/Knee Push-Up/knee_push_up_start.png,candidates/Pilates Assets/02_Exercise_Cards/Knee Push-Up/knee_push_up_start.png,MINOR COLOR FIX,542a4176948792153069208ffea6b5a709e607b9e7f617373971a61ea3d64938,e61b0c6c005c6fe48f90cad23ab15602794d71b43b84b33cd9587dc085e4d616,1536x1024,RGB,PNG,741,1059756,1059756,0,"[-1.188, 0.241, 1.256]","[0.595, -1.582, -1.108]"
knee_pushup,knee_pushup:HERO,Pilates Assets/02_Exercise_Cards/Knee Push-Up/knee_push_up_hero.png,candidates/Pilates Assets/02_Exercise_Cards/Knee Push-Up/knee_push_up_hero.png,MINOR COLOR FIX,da4bb980451fd63a45f206e91718ffe78e03fa59ab65ded0d96a849f4eb55bb2,73ca27cca2df771c9b4287d9e56dd54a8a3c92061ca535e6d347ef2f96d2567d,1536x1024,RGB,PNG,726,1106035,1106035,0,"[-1.188, 0.353, 1.7]","[0.023, -1.5, -0.605]"
chest_press,"chest_press:START,chest_press:END",Pilates Assets/02_Exercise_Cards/Chest Press/chest_press_start.png,candidates/Pilates Assets/02_Exercise_Cards/Chest Press/chest_press_start.png,STRONG COLOR FIX,6836b68bcec155bf5bb90703fb0a63f0d2d52c99a7f7d3c26b8568951117ff7d,73f48d1fe81afa16819a6dca3a11d6f562ba66c816c27a469635e00ddeff26a6,1536x1024,RGB,PNG,794,901987,901987,0,"[-1.188, 0.613, 3.6]","[-1.386, -3.588, -1.641]"
chest_press,chest_press:HERO,Pilates Assets/02_Exercise_Cards/Chest Press/chest_press_hero.png,candidates/Pilates Assets/02_Exercise_Cards/Chest Press/chest_press_hero.png,STRONG COLOR FIX,68a235be48f148282e9ddeeb0e68e786d35fe1dea07234757d0f2ccd6ec0a81c,10c3900848f512cd559f0127e9ae62afc0df155e9ae6a92abc1fc43da7ff8c27,1536x1024,RGB,PNG,793,819657,819657,0,"[-1.188, 0.446, 3.6]","[-1.386, -3.6, -1.415]"
triceps_kickback,"triceps_kickback:START,triceps_kickback:END",Pilates Assets/02_Exercise_Cards/Triceps Kickback/triceps_kickback_start.png,candidates/Pilates Assets/02_Exercise_Cards/Triceps Kickback/triceps_kickback_start.png,STRONG COLOR FIX,04adc6445956fc047d04fab07db1e1d09215a2a1acbec472ae7f8140f6ed7e6b,d202df88836efab8b24529dca99adabf5c13ae35c54b11325ad41c2d76f0ba5a,1536x1024,RGB,PNG,723,982087,982087,0,"[-1.188, 0.448, 3.6]","[-1.386, -3.6, -0.86]"
triceps_kickback,triceps_kickback:HERO,Pilates Assets/02_Exercise_Cards/Triceps Kickback/triceps_kickback_hero.png,candidates/Pilates Assets/02_Exercise_Cards/Triceps Kickback/triceps_kickback_hero.png,STRONG COLOR FIX,92d46c6dc58058c0e339966979fe630b16ea062934079888de85c5a1e3e26bea,f3b1a94c53f6cb8a2ac4abd8277fd90594e865a1d3e8249b48243beb62bb1b3f,1536x1024,RGB,PNG,718,1068100,1068100,0,"[-1.188, 0.307, 3.6]","[-1.386, -3.468, -2.47]"
chest_fly,"chest_fly:START,chest_fly:END",Pilates Assets/02_Exercise_Cards/Chest Fly/chest_fly_start.png,candidates/Pilates Assets/02_Exercise_Cards/Chest Fly/chest_fly_start.png,STRONG COLOR FIX,988dc8d1ec3e3fcf7db67db1adc2a07924dcdc33229a66a5b488f842d6f443bf,4b9e95216f9462a80ab3f098aba9f513bd3e6d18a7d24301c758ee761f2fbacf,1536x1024,RGB,PNG,788,1113187,1113187,0,"[-1.188, 0.685, 3.524]","[-1.386, -1.555, -0.787]"
chest_fly,chest_fly:HERO,Pilates Assets/02_Exercise_Cards/Chest Fly/chest_fly_hero.png,candidates/Pilates Assets/02_Exercise_Cards/Chest Fly/chest_fly_hero.png,STRONG COLOR FIX,26296bab461ca3087bf408a7de0e8851d511e98e8ae9b20ca5cb5c669d5f2e0c,26a72d118566022851111e6d3cfd46f253f730b3c3bfae9f2ab126464a5c747f,1536x1024,RGB,PNG,788,1098701,1098701,0,"[-1.188, 1.229, 3.6]","[-1.386, -2.086, -1.009]"
