exercise_id,frame,source_path,width,height,floor_score,wall_score,total_score,floor_diagnosis,wall_diagnosis,rank
chest_press,HERO,Pilates Assets/02_Exercise_Cards/Chest Press/chest_press_hero.png,1536,1024,16.8376,13.4080,15.2943,TOO ORANGE,TOO COOL/BLUE,1
sidekick,END,Pilates Assets/02_Exercise_Cards/Side Kick/side_kick_end.png,1536,1024,14.8339,15.4084,15.0924,TOO PINK; TOO PALE,TOO COOL/BLUE,2
triceps_kickback,HERO,Pilates Assets/02_Exercise_Cards/Triceps Kickback/triceps_kickback_hero.png,1536,1024,14.8193,14.9997,14.9005,TOO ORANGE,TOO COOL/BLUE,3
triceps_kickback,START/END,Pilates Assets/02_Exercise_Cards/Triceps Kickback/triceps_kickback_start.png,1536,1024,14.3672,14.6144,14.4784,TOO PINK; TOO PALE,TOO COOL/BLUE,4
standing_oblique,START,Pilates Assets/02_Exercise_Cards/Standing Oblique Crunch/standing_oblique_crunch_start.png,1536,1024,9.4150,20.3080,14.3168,TOO COOL; TOO GRAY,TOO COOL/BLUE,5
chest_press,START/END,Pilates Assets/02_Exercise_Cards/Chest Press/chest_press_start.png,1536,1024,14.5694,12.1170,13.4658,TOO ORANGE,TOO COOL/BLUE,6
rollup,START/END,Pilates Assets/02_Exercise_Cards/Roll Up/roll_up_start.png,1536,1024,12.8347,13.9133,13.3201,TOO ORANGE,TOO COOL/BLUE,7
clam,START/END,Pilates Assets/02_Exercise_Cards/Clamshell/clamshell_start.png,1536,1024,9.0987,18.2297,13.2077,TOO COOL,TOO COOL/BLUE,8
raise,HERO,Pilates Assets/02_Exercise_Cards/Lateral Raise/lateral_raise_hero.png,1536,1024,12.4190,13.9835,13.1230,TOO PINK,TOO COOL/BLUE,9
raise,START/END,Pilates Assets/02_Exercise_Cards/Lateral Raise/lateral_raise_start.png,1536,1024,12.7746,13.2580,12.9921,TOO PINK,TOO COOL/BLUE,10
donkey,HERO,Pilates Assets/02_Exercise_Cards/Donkey Kick/donkey_kick_hero.png,1536,1024,9.7525,15.5717,12.3712,TOO ORANGE,TOO COOL/BLUE,11
dumbbell_pullover,START/END,Pilates Assets/02_Exercise_Cards/Dumbbell Pullover/Dumbbell Pullover start.png,1536,1024,10.7448,14.3106,12.3494,TOO PINK; TOO PALE,TOO COOL/BLUE,12
inner_thigh,HERO,Pilates Assets/02_Exercise_Cards/Inner Thigh Lift/inner_thigh_lift_hero.png,1536,1024,8.0175,17.6098,12.3340,PASS,TOO COOL/BLUE,13
sidekick,HERO,Pilates Assets/02_Exercise_Cards/Side Kick/side_kick_hero.png,1536,1024,11.5815,13.1511,12.2878,TOO PINK; TOO PALE,TOO COOL/BLUE,14
sideleg,HERO,Pilates Assets/02_Exercise_Cards/Side Leg Lift/side_leg_lift_hero.png,1536,1024,11.6633,12.5712,12.0719,TOO COOL; TOO PALE; TOO GRAY,TOO COOL/BLUE,15
rdl,START/END,Pilates Assets/02_Exercise_Cards/Romanian Deadlift/romanian_deadlift_start.png,1536,1024,11.6982,12.1696,11.9103,TOO COOL; TOO PALE,TOO COOL/BLUE,16
standing_oblique,HERO,Pilates Assets/02_Exercise_Cards/Standing Oblique Crunch/standing_oblique_crunch_hero.png,1536,1024,7.0133,17.8763,11.9016,TOO COOL,TOO COOL/BLUE,17
hip,START/END,Pilates Assets/02_Exercise_Cards/Glute Bridge/glute_bridge_start.png,1536,1024,6.9796,17.8615,11.8764,PASS,TOO COOL/BLUE,18
sideleg,START/END,Pilates Assets/02_Exercise_Cards/Side Leg Lift/side_leg_start.png,1536,1024,10.3723,13.5872,11.8190,TOO COOL; TOO PALE,TOO COOL/BLUE,19
standing_side_bend,HERO,Pilates Assets/02_Exercise_Cards/Standing Side Bend/standing_side_bend_hero.png,1536,1024,8.7282,15.2548,11.6652,TOO PINK,TOO COOL/BLUE,20
dumbbell_pullover,HERO,Pilates Assets/02_Exercise_Cards/Dumbbell Pullover/Dumbbell Pullover hero.png,1536,1024,9.4351,14.3641,11.6532,TOO PALE,TOO COOL/BLUE,21
standing_side_bend,START,Pilates Assets/02_Exercise_Cards/Standing Side Bend/standing_side_bend_start.png,1536,1024,8.7939,15.0672,11.6169,TOO PINK,TOO COOL/BLUE,22
row,HERO,Pilates Assets/02_Exercise_Cards/Bent Over Row/bent_over_row_hero.png,1536,1024,10.9511,12.4127,11.6088,TOO COOL; TOO PALE,TOO COOL/BLUE,23
chest_fly,HERO,Pilates Assets/02_Exercise_Cards/Chest Fly/chest_fly_hero.png,1536,1024,9.3942,14.0773,11.5016,TOO PALE,TOO COOL/BLUE,24
rdl,HERO,Pilates Assets/02_Exercise_Cards/Romanian Deadlift/romanian_deadlift_hero.png,1536,1024,11.1836,11.5276,11.3384,TOO COOL; TOO PALE,TOO COOL/BLUE,25
rainbow,HERO,Pilates Assets/02_Exercise_Cards/Rainbow Leg Raise/rainbow_leg_raise_hero.png,1536,1024,10.1017,12.8213,11.3255,TOO COOL; TOO PALE; TOO GRAY,TOO COOL/BLUE,26
hip,HERO,Pilates Assets/02_Exercise_Cards/Glute Bridge/glute_bridge_hero.png,1536,1024,6.2062,17.5390,11.3060,PASS,TOO COOL/BLUE,27
clam,HERO,Pilates Assets/02_Exercise_Cards/Clamshell/clamshell_hero.png,1536,1024,11.4491,10.9105,11.2068,TOO COOL; TOO PALE; TOO GRAY,TOO COOL/BLUE,28
standing_side_bend,END,Pilates Assets/02_Exercise_Cards/Standing Side Bend/standing_side_bend_end.png,1536,1024,7.4838,15.6894,11.1763,TOO PINK,TOO COOL/BLUE,29
plie,HERO,Pilates Assets/02_Exercise_Cards/Plie Squat/plie_squat_hero.png,1536,1024,9.3979,13.2611,11.1363,TOO PINK,TOO COOL/BLUE,30
supine_twist,HERO,Pilates Assets/02_Exercise_Cards/Supine Twist/supine_twist_hero.png,1536,1024,8.5619,13.9886,11.0039,TOO COOL; TOO PALE,TOO COOL/BLUE,31
standing_oblique,END,Pilates Assets/02_Exercise_Cards/Standing Oblique Crunch/standing_oblique_crunch_end.png,1536,1024,5.3137,17.7812,10.9241,PASS,TOO COOL/BLUE,32
hydrant,HERO,Pilates Assets/02_Exercise_Cards/Fire Hydrant/fire_hydrant_hero.png,1536,1024,4.9674,18.0306,10.8458,PASS,TOO COOL/BLUE,33
sideplank_reach,END,Pilates Assets/02_Exercise_Cards/Side Plank Reach/side_plank_reach_end.png,1536,1024,13.6519,7.2803,10.7847,TOO ORANGE,TOO COOL/BLUE,34
press,START/END,Pilates Assets/02_Exercise_Cards/Shoulder Press/shoulder_press_start.png,1536,1024,8.4668,13.4537,10.7109,TOO COOL; TOO PALE,TOO COOL/BLUE,35
figure_four,HERO,Pilates Assets/02_Exercise_Cards/Figure Four Stretch/figure_four_stretch_hero.png,1536,1024,9.7016,11.5641,10.5397,TOO PINK,TOO COOL/BLUE,36
tap,HERO,Pilates Assets/02_Exercise_Cards/Plank Shoulder Taps/plank_shoulder_taps_hero.png,1536,1024,8.9912,12.3837,10.5178,TOO PINK,TOO COOL/BLUE,37
rollup,HERO,Pilates Assets/02_Exercise_Cards/Roll Up/roll_up_hero.png,1536,1024,9.2342,11.6940,10.3411,TOO PINK,TOO COOL/BLUE,38
hydrant,START/END,Pilates Assets/02_Exercise_Cards/Fire Hydrant/fire_hydrant_start.png,1536,1024,6.0778,15.0556,10.1178,PASS,TOO COOL/BLUE,39
supine_twist,START/END,Pilates Assets/02_Exercise_Cards/Supine Twist/supine_twist_start.png,1536,1024,7.9557,12.7338,10.1059,TOO PALE,TOO COOL/BLUE,40
russian,HERO,Pilates Assets/02_Exercise_Cards/Russian Twist/russian_twist_hero.png,1536,1024,8.8899,11.3015,9.9751,TOO PINK,TOO COOL/BLUE,41
row,START/END,Pilates Assets/02_Exercise_Cards/Bent Over Row/bent_over_row_start.png,1536,1024,9.4876,10.3785,9.8885,TOO COOL; TOO PALE,TOO COOL/BLUE,42
sideplank,START/END,Pilates Assets/02_Exercise_Cards/Side Plank/side_plank_start.png,1536,1024,11.0780,8.3066,9.8309,TOO PINK,TOO COOL/BLUE,43
hollow,HERO,Pilates Assets/02_Exercise_Cards/Hollow Hold/hollow_hold_hero.png,1536,1024,7.8843,12.0008,9.7367,TOO PALE,TOO COOL/BLUE,44
mermaid,START/END,Pilates Assets/02_Exercise_Cards/Mermaid Stretch/mermaid_stretch_start.png,1536,1024,8.2862,11.4754,9.7214,TOO PINK,TOO COOL/BLUE,45
mermaid,HERO,Pilates Assets/02_Exercise_Cards/Mermaid Stretch/mermaid_stretch_hero.png,1536,1024,9.1857,10.2825,9.6793,TOO PINK,TOO COOL/BLUE,46
thread,HERO,Pilates Assets/02_Exercise_Cards/Thread the Needle/thread_the_needle_hero.png,1536,1024,10.4104,8.7363,9.6570,TOO COOL; TOO PALE,TOO COOL/BLUE,47
donkey,START/END,Pilates Assets/02_Exercise_Cards/Donkey Kick/donkey_kick_start.png,1536,1024,7.3144,12.4665,9.6329,PASS,TOO COOL/BLUE,48
thread,START/END,Pilates Assets/02_Exercise_Cards/Thread the Needle/thread_the_needle_start.png,1536,1024,9.5902,9.6501,9.6171,TOO COOL; TOO PALE,TOO COOL/BLUE,49
sideplank,HERO,Pilates Assets/02_Exercise_Cards/Side Plank/side_plank_hero.png,1536,1024,11.0053,7.5561,9.4532,TOO PINK,TOO COOL/BLUE,50
sideplank_reach,START,Pilates Assets/02_Exercise_Cards/Side Plank Reach/side_plank_reach_start.png,1536,1024,11.0053,7.5561,9.4532,TOO PINK,TOO COOL/BLUE,51
tap,START/END,Pilates Assets/02_Exercise_Cards/Plank Shoulder Taps/plank_shoulder_taps_start.png,1536,1024,7.9355,11.1378,9.3765,TOO PINK,TOO COOL/BLUE,52
rainbow,START,Pilates Assets/02_Exercise_Cards/Rainbow Leg Raise/rainbow_leg_raise_start.png,1536,1024,8.1848,10.6085,9.2754,TOO COOL; TOO PALE,TOO COOL/BLUE,53
inner_thigh,START/END,Pilates Assets/02_Exercise_Cards/Inner Thigh Lift/inner_thigh_lift_start.png,1536,1024,6.2160,12.7742,9.1672,PASS,TOO COOL/BLUE,54
swimming,START/END,Pilates Assets/02_Exercise_Cards/Swimming/swimming_start.png,1536,1024,9.6293,8.5903,9.1618,TOO COOL; TOO PALE,PASS,55
glute_bridge_march,HERO,Pilates Assets/02_Exercise_Cards/Glute Bridge March/glute_bridge_march_hero.png,1536,1024,8.9683,9.2642,9.1015,TOO PINK,TOO COOL/BLUE,56
press,HERO,Pilates Assets/02_Exercise_Cards/Shoulder Press/shoulder_press_hero.png,1536,1024,7.0682,11.2832,8.9649,TOO PALE,TOO COOL/BLUE,57
sidekick,START,Pilates Assets/02_Exercise_Cards/Side Kick/side_kick_start.png,1536,1024,9.2158,8.5125,8.8993,TOO PINK,TOO COOL/BLUE,58
figure_four,MID,Pilates Assets/02_Exercise_Cards/Figure Four Stretch/figure_four_stretch_mid.png,1536,1024,8.5905,9.0492,8.7969,TOO PINK,TOO COOL/BLUE,59
plie,START/END,Pilates Assets/02_Exercise_Cards/Plie Squat/plie_squat_start.png,1536,1024,6.8229,10.8060,8.6153,TOO PINK,TOO COOL/BLUE,60
plank,START/HERO/END,Pilates Assets/02_Exercise_Cards/Forearm Plank/forearm_plank_start.png,1536,1024,8.7207,8.2407,8.5047,TOO PINK,TOO COOL/BLUE,61
deadbug,HERO,Pilates Assets/02_Exercise_Cards/Dead Bug/dead_bug_hero.png,1536,1024,7.3043,9.8035,8.4290,TOO PINK,TOO COOL/BLUE,62
rainbow,END,Pilates Assets/02_Exercise_Cards/Rainbow Leg Raise/rainbow_leg_raise_end.png,1536,1024,7.9669,8.9285,8.3996,TOO PALE,TOO COOL/BLUE,63
chest_fly,START/END,Pilates Assets/02_Exercise_Cards/Chest Fly/chest_fly_start.png,1536,1024,7.0808,9.8937,8.3466,PASS,TOO COOL/BLUE,64
scissors,START/END,Pilates Assets/02_Exercise_Cards/Scissors/scissors_start.png,1536,1024,5.8927,11.0099,8.1954,PASS,TOO COOL/BLUE,65
hip_march,START/END,Pilates Assets/02_Exercise_Cards/Hip March/hip_march_start.png,1536,1024,7.2081,9.0625,8.0425,TOO PINK,PASS,66
glute_bridge_march,START/END,Pilates Assets/02_Exercise_Cards/Glute Bridge March/glute_bridge_march_start.png,1536,1024,7.2081,9.0625,8.0425,TOO PINK,PASS,67
figure_four,START/END,Pilates Assets/02_Exercise_Cards/Figure Four Stretch/figure_four_stretch_start.png,1536,1024,7.2081,9.0625,8.0425,TOO PINK,PASS,68
hollow,START/END,Pilates Assets/02_Exercise_Cards/Hollow Hold/hollow_hold_start.png,1536,1024,7.2081,9.0625,8.0425,TOO PINK,PASS,69
sideplank_reach,HERO,Pilates Assets/02_Exercise_Cards/Side Plank Reach/side_plank_reach_hero.png,1536,1024,11.0762,3.9277,7.8594,TOO ORANGE,PASS,70
bicycle,START,Pilates Assets/02_Exercise_Cards/Bicycle Crunch/bicycle_crunch_start.png,1536,1024,7.5260,7.8018,7.6501,PASS,TOO COOL/BLUE,71
abduction,HERO,Pilates Assets/02_Exercise_Cards/Bridge Abduction/bridge_abduction_hero.png,1536,1024,7.2451,8.0026,7.5860,TOO PINK,TOO COOL/BLUE,72
sphinx,START/HERO/END,Pilates Assets/02_Exercise_Cards/Sphinx Stretch/sphinx_stretch_start.png,1536,1024,6.9643,8.3149,7.5721,PASS,TOO COOL/BLUE,73
hip_march,HERO,Pilates Assets/02_Exercise_Cards/Hip March/hip_march_hero.png,1536,1024,7.0721,7.9018,7.4454,PASS,PASS,74
legraises,HERO,Pilates Assets/02_Exercise_Cards/Leg Raises/leg_raises_hero.png,1536,1024,10.1980,4.0609,7.4363,PASS,PASS,75
russian,START/END,Pilates Assets/02_Exercise_Cards/Russian Twist/russian_twist_start.png,1536,1024,6.5096,8.3912,7.3563,TOO PINK,TOO COOL/BLUE,76
bicycle,HERO,Pilates Assets/02_Exercise_Cards/Bicycle Crunch/bicycle_crunch_hero.png,1536,1024,8.9086,5.2413,7.2583,PASS,PASS,77
catcow,START,Pilates Assets/02_Exercise_Cards/Cat-Cow/cat_cow_start.png,1536,1024,7.8741,6.4335,7.2258,TOO PALE,PASS,78
childs_pose,START/END,Pilates Assets/02_Exercise_Cards/Child's Pose/childs_pose_start.png,1536,1024,7.8741,6.4335,7.2258,TOO PALE,PASS,79
bird,START/END,Pilates Assets/02_Exercise_Cards/Bird Dog/bird_dog_start.png,1536,1024,7.8741,6.4335,7.2258,TOO PALE,PASS,80
deadbug,START/END,Pilates Assets/02_Exercise_Cards/Dead Bug/dead_bug_start.png,1536,1024,7.0120,7.4404,7.2048,PASS,TOO COOL/BLUE,81
glute_bridge_march,MID,Pilates Assets/02_Exercise_Cards/Glute Bridge March/glute_bridge_march_mid.png,1536,1024,6.4026,8.1250,7.1777,PASS,TOO COOL/BLUE,82
abduction,START/END,Pilates Assets/02_Exercise_Cards/Bridge Abduction/bridge_abduction_start.png,1536,1024,6.4026,8.1250,7.1777,PASS,TOO COOL/BLUE,83
catcow,END,Pilates Assets/02_Exercise_Cards/Cat-Cow/cat_cow_end.png,1536,1024,8.0506,6.0767,7.1623,TOO PALE,PASS,84
hamstring_supine,START/END,Pilates Assets/02_Exercise_Cards/Hamstring Stretch/hamstring_stretch_start.png,1536,1024,5.5471,9.1010,7.1464,PASS,PASS,85
hundred,START/END,Pilates Assets/02_Exercise_Cards/The Hundred/hundred_start.png,1536,1024,6.6671,6.8521,6.7504,PASS,TOO COOL/BLUE,86
toetap,HERO,Pilates Assets/02_Exercise_Cards/Toe Tap/toe_taps_hero.png,1536,1024,5.7797,7.8047,6.6909,PASS,TOO COOL/BLUE,87
bird,HERO,Pilates Assets/02_Exercise_Cards/Bird Dog/bird_dog_hero.png,1536,1024,7.3217,5.7222,6.6019,TOO PALE,PASS,88
catcow,HERO,Pilates Assets/02_Exercise_Cards/Cat-Cow/cat_cow_hero.png,1536,1024,7.1501,5.9167,6.5951,TOO PALE,PASS,89
swimming,HERO,Pilates Assets/02_Exercise_Cards/Swimming/swimming_hero.png,1536,1024,5.9128,7.3385,6.5543,PASS,TOO COOL/BLUE,90
chest_opener,HERO,Pilates Assets/02_Exercise_Cards/Chest Opener/chest_opener_hero.png,1536,1024,6.3538,6.7990,6.5542,PASS,PASS,91
frog,HERO,Pilates Assets/02_Exercise_Cards/Frog Pumps/frog_pumps_hero.png,1536,1024,6.4438,6.6081,6.5177,PASS,PASS,92
hamstring_supine,HERO,Pilates Assets/02_Exercise_Cards/Hamstring Stretch/hamstring_stretch_hero.png,1536,1024,5.7951,7.1075,6.3857,PASS,PASS,93
hundred,HERO,Pilates Assets/02_Exercise_Cards/The Hundred/hundred_hero.png,1536,1024,8.0724,4.0793,6.2755,TOO PINK,PASS,94
spine,START/END,Pilates Assets/02_Exercise_Cards/Spine Stretch/spine_stretch_start.png,1536,1024,5.2287,7.4433,6.2253,PASS,PASS,95
bicycle,END,Pilates Assets/02_Exercise_Cards/Bicycle Crunch/bicycle_crunch_end.png,1536,1024,9.1244,2.6686,6.2193,TOO PINK,PASS,96
scissors,MID,Pilates Assets/02_Exercise_Cards/Scissors/scissors_mid.png,1536,1024,6.2283,5.8713,6.0677,PASS,TOO COOL/BLUE,97
frog,START/END,Pilates Assets/02_Exercise_Cards/Frog Pumps/frog_pumps_start.png,1536,1024,5.1828,6.7881,5.9052,PASS,PASS,98
legraises,START/END,Pilates Assets/02_Exercise_Cards/Leg Raises/leg_raises_start.png,1536,1024,7.3280,4.0451,5.8507,PASS,PASS,99
knee_pushup,HERO,Pilates Assets/02_Exercise_Cards/Knee Push-Up/knee_push_up_hero.png,1536,1024,5.2806,5.8962,5.5576,PASS,PASS,100
childs_pose,HERO,Pilates Assets/02_Exercise_Cards/Child's Pose/childs_pose_hero.png,1536,1024,5.1228,5.9157,5.4796,PASS,TOO COOL/BLUE,101
spine,HERO,Pilates Assets/02_Exercise_Cards/Spine Stretch/spine_stretch_hero.png,1536,1024,4.1489,7.0318,5.4462,PASS,PASS,102
revcrunch,HERO,Pilates Assets/02_Exercise_Cards/Reverse Crunch/reverse_crunch_hero.png,1536,1024,5.6968,4.8559,5.3184,PASS,PASS,103
heeltaps,START/END,Pilates Assets/02_Exercise_Cards/Heel Taps/heel_taps_start.png,1536,1024,4.8211,5.8200,5.2706,PASS,PASS,104
toetap,START/END,Pilates Assets/02_Exercise_Cards/Toe Tap/toe_tap_start.png,1536,1024,5.0017,5.1702,5.0775,PASS,PASS,105
revcrunch,START/END,Pilates Assets/02_Exercise_Cards/Reverse Crunch/reverse_crunch_start.png,1536,1024,5.0017,5.1702,5.0775,PASS,PASS,106
knee_pushup,START/END,Pilates Assets/02_Exercise_Cards/Knee Push-Up/knee_push_up_start.png,1536,1024,5.4286,4.3561,4.9460,PASS,PASS,107
chest_opener,START/END,Pilates Assets/02_Exercise_Cards/Chest Opener/chest_opener_start.png,1536,1024,4.3085,5.5698,4.8761,PASS,PASS,108
heeltaps,HERO,Pilates Assets/02_Exercise_Cards/Heel Taps/heel_taps_hero.png,1536,1024,3.4177,6.5981,4.8489,PASS,TOO COOL/BLUE,109
scissors,HERO,Pilates Assets/02_Exercise_Cards/Scissors/scissors_hero.png,1536,1024,5.3836,3.6384,4.5982,PASS,PASS,110
